route_id,stop_name,month,on time,late,early
T100,(M1) UITM SG BULOH (OPP),2026-01,6,0,0
T100,HOSPITAL SG BULOH PINTU B,2026-01,5,0,0
T100,HOSPITAL SG BULOH PINTU B (OPP),2026-01,8,0,0
T100,HOSPITAL SG BULOH PINTU D,2026-01,5,0,0
T100,HOSPITAL SG BULOH PINTU D (OPP),2026-01,9,0,0
T100,KOLEJ SAINS BERSEKUTU KESIHATAN,2026-01,5,0,1
T100,KOLEJ SAINS BERSEKUTU KESIHATAN (OPP),2026-01,8,0,0
T100,MASJID HOSPITAL SUNGAI BULOH,2026-01,8,0,0
T100,PUSAT KUSTA NEGARA,2026-01,8,0,0
T100,SMK SIERRAMAS,2026-01,5,0,0
T100,SMK SIERRAMAS (Opp),2026-01,8,1,0
T100,STELLARS GROCER,2026-01,7,1,0
T100,STELLARS GROCER (OPP),2026-01,5,0,0
T100,UITM SG BULOH,2026-01,8,0,0
T101,(M1) ASCOTT HILL (OPP),2026-01,13,0,0
T101,BRP 4 PUTRA JATI,2026-01,11,0,0
T101,BRP 4 PUTRA UTAMA,2026-01,10,0,0
T101,DATARAN VILLA PUTRA,2026-01,12,0,0
T101,DEWAN MERANTI,2026-01,8,4,0
T101,KG MELAYU BT 13 (1),2026-01,12,0,0
T101,KG MELAYU BT 13 (2),2026-01,13,0,0
T101,KG MELAYU BT 13 (3),2026-01,13,0,0
T101,KG MELAYU BT 13 (4),2026-01,14,0,0
T101,PASAR DAN BAZAR BBSB,2026-01,8,0,0
T101,PERINDUSTRIAN BRP 8,2026-01,13,0,0
T101,PERUMAHAN 1A/6,2026-01,8,0,0
T101,PERUMAHAN 1C/4,2026-01,6,1,0
T101,PERUMAHAN 1D/1,2026-01,11,0,0
T101,PERUMAHAN BRP 5,2026-01,7,0,8
T101,PERUMAHAN BRP 6,2026-01,10,0,0
T101,PERUMAHAN BRP 7,2026-01,14,0,1
T101,PUSAT KOMERSIAL TSB,2026-01,4,0,1
T101,SK SG BULOH (OPP),2026-01,16,0,0
T101,STELLARS GROCER,2026-01,14,2,0
T101,SURAU Al-IKHWAN,2026-01,7,0,0
T101,SURIA PUTRA,2026-01,8,0,0
T101,TAMAN TASIK BBSB,2026-01,2,0,5
T102,(M1) KAWASAN REKREASI AMAN PUTRI,2026-01,9,0,1
T102,(M2) KUARTERS JKR UNIT TENTERA (OPP),2026-01,13,0,0
T102,(M3) SIMPANG FFM,2026-01,7,0,0
T102,BALAIRAYA KG PAYA JARAS,2026-01,5,0,0
T102,BALAIRAYA KG PAYA JARAS (OPP),2026-01,14,0,0
T102,BALAIRAYA KG PAYA JARAS HILIR (OPP),2026-01,6,0,0
T102,BANDAR BARU SUNGAI BULOH,2026-01,6,0,0
T102,BT. 17 KG. MERBAU SEMPAK,2026-01,9,0,0
T102,DEPOT SIMPANAN PERTAHANAN,2026-01,5,4,3
T102,KEM PAYA JARAS,2026-01,6,0,0
T102,KG KUBU GAJAH,2026-01,7,0,0
T102,KOMERSIAL AMAN PUTRI (BARAT),2026-01,8,0,0
T102,KOMERSIAL AMAN PUTRI (TIMUR),2026-01,10,0,1
T102,KOMPLEKS PERNIAGAAN SIMPANG GAJAH 12,2026-01,12,0,0
T102,KUARTERS ATM KEM PAYA JARAS,2026-01,4,0,0
T102,KUARTERS ATM KEM PAYA JARAS (OPP),2026-01,13,0,0
T102,KUARTERS DEPOT SIMPANAN PERTAHANAN,2026-01,11,1,0
T102,KUARTERS DEPOT SIMPANAN PERTAHANAN (OPP),2026-01,5,0,0
T102,KUARTERS JKR UNIT TENTERA,2026-01,7,0,0
T102,LOT 1770,2026-01,4,0,1
T102,LOT 1771,2026-01,10,0,0
T102,MASJID KG KUBU GAJAH (SELATAN),2026-01,7,0,0
T102,MASJID KG KUBU GAJAH (UTARA),2026-01,12,0,0
T102,MASJID KG MERBAU SEMPAK,2026-01,11,0,0
T102,PERSIMPANGAN JLN KG KUBU GAJAH,2026-01,7,0,0
T102,PERSIMPANGAN JLN. MERBAU SEMPAK,2026-01,11,0,0
T102,PERUMAHAN AMAN SURIA (SELATAN),2026-01,8,1,0
T102,PERUMAHAN AMAN SURIA (UTARA),2026-01,8,0,0
T102,PINGGIRAN SG. BULOH,2026-01,14,0,0
T102,PUSAT KOMERSIAL TSB,2026-01,6,0,0
T102,RUMAH LOT 2876,2026-01,6,1,0
T102,RUMAH LOT 2876 (OPP),2026-01,12,0,0
T102,S.R.A MERBAU SEMPAK,2026-01,8,0,0
T102,SIMPANG GAJAH 11,2026-01,7,0,0
T102,SIMPANG GAJAH 14 (BARAT),2026-01,12,0,0
T102,SIMPANG GAJAH 14 (TIMUR),2026-01,7,0,0
T102,SIMPANG GAJAH 15,2026-01,5,0,0
T102,SIMPANG GAJAH 16,2026-01,12,0,0
T102,SIMPANG GAJAH 21,2026-01,12,0,0
T102,SIMPANG GAJAH 23,2026-01,11,0,0
T102,SIMPANG GAJAH 3,2026-01,12,0,0
T102,SIMPANG GAJAH 6,2026-01,5,0,0
T102,SIMPANG GAJAH 9,2026-01,7,0,0
T102,SIMPANG JLN RAHIDIN,2026-01,14,0,0
T102,SIMPANG LORONG 10 (SELATAN),2026-01,7,0,0
T102,SIMPANG LORONG 10 (UTARA),2026-01,12,0,0
T102,SIMPANG LORONG 5,2026-01,7,0,0
T102,SIMPANG LORONG 6,2026-01,12,0,0
T102,SIMPANG Y KUBU GAJAH,2026-01,12,0,0
T102,SME AEROSPACE,2026-01,11,2,3
T102,SMK BANDAR BARU SG BULOH,2026-01,4,0,0
T102,SMK BANDAR BARU SG BULOH (OPP),2026-01,10,0,0
T102,SRA PAYA JARAS,2026-01,14,0,0
T102,TASKA PERMATA KEMAS,2026-01,12,0,0
T102,U19 TMN SRI BULOH,2026-01,6,0,0
T103,(M1) SUTERA SQUARE,2026-01,20,0,21
T103,APARTMENT INDAH,2026-01,39,0,0
T103,APARTMENT SAUJANA,2026-01,43,0,0
T103,APT IDAMAN,2026-01,39,0,0
T103,APT IMPIAN,2026-01,37,0,0
T103,APT LESTARI,2026-01,43,0,0
T103,APT LESTARI (OPP),2026-01,40,1,1
T103,APT PERMAI,2026-01,37,0,0
T103,DESA RIANG,2026-01,42,0,0
T103,JAKOA DAMANSARA DAMAI,2026-01,39,0,0
T103,KOMERSIAL SAUJANA DAMANSARA,2026-01,42,0,3
T103,KOMERSIAL SAUJANA DAMANSARA (OPP),2026-01,36,0,0
T103,PLAZA PARK AVENUE,2026-01,44,1,0
T103,PRIMA DAMANSARA,2026-01,28,0,15
T103,RESIDENSI SUASANA DAMAI (OPP),2026-01,37,0,0
T103,SEASONS SQUARE,2026-01,47,1,0
T103,TERMINAL BAS WAN'S CENTRAL,2026-01,34,0,0
T103,THE ZIZZ,2026-01,43,0,0
T104,(M1) PANGSAPURI MEDAN MAS,2026-01,16,0,0
T104,DERET KEDAI JLN PERKHIDMATAN,2026-01,19,0,0
T104,IPD SG BULOH,2026-01,19,0,0
T104,PREMISE 196,2026-01,14,3,3
T104,RHB KG BARU SG BULOH,2026-01,15,0,1
T104,SJKC SG BULOH (OPP),2026-01,19,0,0
T105,(M1) APARTMENT SRI PUTRA FASA 2,2026-01,11,0,0
T105,APARTMENT IMPIAN INDAH,2026-01,10,0,0
T105,APARTMENT SERI MAWAR,2026-01,11,0,0
T105,APARTMENT SERI MAWAR (OPP),2026-01,11,0,0
T105,DATARAN VILLA PUTRA,2026-01,10,0,0
T105,KAWASAN PERINDUSTRIAN PUTRA,2026-01,8,0,0
T105,KG SRI INDAH B (BARAT),2026-01,7,0,0
T105,KG SRI INDAH B (TIMUR),2026-01,10,0,0
T105,KLINIK KESIHATAN SG. BULOH,2026-01,7,0,2
T105,KLINIK KESIHATAN SG. BULOH (OPP),2026-01,5,0,0
T105,KOMERSIAL SAUJANA AKASIA,2026-01,9,0,1
T105,KOMERSIAL SRI PUTRA,2026-01,11,0,0
T105,KOMPLEKS KILANG DAIKIN,2026-01,7,0,0
T105,LORONG MELOR. KG MELAYU,2026-01,11,0,0
T105,LOT 129 KG MELAYU (OPP),2026-01,8,0,0
T105,MAKMAL KESIHATAN AWAM KEBANGSAAN,2026-01,10,0,0
T105,MAKMAL KESIHATAN AWAM KEBANGSAAN (OPP),2026-01,7,0,0
T105,MEDAN SELERA KAW. INDUSTRI PUTRA,2026-01,11,0,0
T105,PERINDUSTRIAN BRP 8,2026-01,11,0,0
T105,PERINDUSTRIAN BRP 9,2026-01,6,0,0
T105,PERSIMPANGAN BRP 8/2,2026-01,7,0,0
T105,PERSIMPANGAN MP 2 (OPP),2026-01,10,0,0
T105,PERSIMPANGAN MP 3,2026-01,8,0,0
T105,PERSIMPANGAN MP 36,2026-01,8,0,0
T105,PERSIMPANGAN MP 37 (OPP),2026-01,11,0,0
T105,PERSIMPANGAN MP 43,2026-01,7,0,1
T105,PERSIMPANGAN MP 43 (OPP),2026-01,11,0,0
T105,PERSIMPANGAN MP 58,2026-01,8,0,0
T105,PERSIMPANGAN SRI INDAH 9B,2026-01,7,0,0
T105,PERSIMPANGAN SRI INDAH 9B (OPP),2026-01,10,0,0
T105,SAUJANA AKASIA (OPP),2026-01,11,0,0
T105,SEK. KEB. SG. BULOH,2026-01,8,0,0
T105,SIMPANG 4 JLN KUSTA (BARAT),2026-01,8,0,0
T105,SIMPANG 4 JLN KUSTA (TIMUR),2026-01,10,0,0
T105,SK SG BULOH (OPP),2026-01,9,0,1
T105,SMK SIERRAMAS,2026-01,7,0,0
T105,STELLARS GROCER,2026-01,8,1,1
T105,STELLARS GROCER (OPP),2026-01,7,1,0
T105,SURAU DARUL ULUM,2026-01,7,0,0
T105,SURAU DARUL ULUM (OPP),2026-01,11,0,0
T105,SURAU ZAHIDIAH JALAN KUSTA,2026-01,10,1,0
T105,SURAU ZAHIDIAH JALAN KUSTA (OPP),2026-01,7,0,1
T105,TAMAN ANJUNG DAMAI,2026-01,8,0,0
T105,TAMAN ANJUNG DAMAI (OPP),2026-01,6,0,0
T105,TAMAN IMPIAN INDAH,2026-01,10,0,0
T105,TAMAN SRI PUTRA,2026-01,10,0,1
T105,TAMAN VILLA PUTRA,2026-01,8,0,0
T106,(M1) PANGSAPURI SRI MERANTI,2026-01,24,0,0
T106,AMANAH IKHTIAR MALAYSIA,2026-01,18,2,0
T106,APARTMENT PARADESA TROPIKA (OPP),2026-01,20,0,5
T106,ATIVO PLAZA,2026-01,25,0,2
T106,KOMERSIAL BANDAR SRI DAMANSARA,2026-01,17,0,2
T106,KOMERSIAL BANDAR SRI DAMANSARA 12,2026-01,23,0,0
T106,MARGOSA RESIDENCY,2026-01,20,0,0
T106,MASJID AL-MUKARRAMAH,2026-01,26,0,0
T106,MERANTI 13 RESIDENCE,2026-01,25,0,0
T106,PERUMAHAN SAGA SD 8,2026-01,25,0,0
T106,SD APARTMENT,2026-01,17,0,0
T106,SD APARTMENT 2,2026-01,25,0,0
T106,SRI BESTARI INTERNATIONAL SCHOOL (OPP),2026-01,19,0,2
T106,SRI DAMANSARA COURTS,2026-01,28,0,0
T107,(M1) PUSAT DAGANGAN SRI DAMANSARA (OPP),2026-01,17,1,0
T107,FLAT SRI CEMARA (OPP),2026-01,17,0,0
T107,KAWASAN PERINDUSTRIAN TOGO,2026-01,18,1,0
T107,KOMERSIAL JALAN EMAS SD 5,2026-01,17,0,0
T107,KOMERSIAL KIP,2026-01,20,0,0
T107,MAS KIPARK DAMANSARA,2026-01,20,0,0
T107,PERINDUSTRIAN  SD5,2026-01,18,0,0
T107,PERUMAHAN JATI SD 4,2026-01,17,0,0
T107,TAMAN PERINDUSTRIAN KIP,2026-01,19,0,0
T107,TAMAN PERINDUSTRIAN KIP 2,2026-01,14,0,0
T107,TAMAN WANGSA PERMAI,2026-01,18,0,0
T108,(M1) KEPONG VILLAGE MALL,2026-01,23,0,0
T108,KAW. PUSAT BANDAR MANJALARA,2026-01,24,0,0
T108,KAW. PUSAT BANDAR MANJALARA JLN 11,2026-01,22,0,0
T108,KOMERSIAL DAGANG SD2,2026-01,4,0,15
T108,KOMERSIAL TAMAN BUKIT MALURI,2026-01,26,0,0
T108,MENARA MENJALARA,2026-01,22,0,0
T108,PERUMAHAN MENJALARA 62B,2026-01,21,0,0
T108,PUSAT KOMUNITI MENJALARA,2026-01,21,0,0
T108,SK MENJALARA,2026-01,21,0,0
T108,SMK TAMAN BUKIT MALURI (TIMUR),2026-01,26,0,0
T108,SMK TAMAN BUKIT MALURI (UTARA),2026-01,24,0,0
T108,SMKA KL (OPP),2026-01,26,0,0
T108,TAMAN BUKIT MALURI (BARAT),2026-01,24,0,0
T108,TAMAN BUKIT MALURI (SELATAN),2026-01,21,2,2
T108,TAMAN BUKIT MALURI (UTARA),2026-01,25,0,0
T108,TAMAN MENJALARA (UTARA),2026-01,23,0,0
T108,TM KEPONG MENJALARA,2026-01,21,0,0
T108,VILLA MANJA,2026-01,22,0,0
T108,WISMA FIAMMA,2026-01,1,1,24
T109,(M1) THE BREEZEWAY,2026-01,16,0,0
T109,ADORA PARKCITY,2026-01,2,0,9
T109,KOMERSIAL DAGANG SD2,2026-01,0,0,9
T109,LEVENUE,2026-01,21,0,0
T109,LEVENUE (OPP),2026-01,11,0,0
T109,NADIA PARKFRONT,2026-01,21,0,0
T109,PERUMAHAN MENJALARA 62 & 62C,2026-01,12,0,0
T109,PERUMAHAN MENJALARA 62&62C (OPP),2026-01,22,0,0
T109,PLAZA ARKADIA (DAVIDSON),2026-01,19,0,0
T109,PLAZA ARKADIA (FARADAY),2026-01,19,0,0
T109,SEK. MEN. AGAMA K.L,2026-01,12,0,0
T109,SOUTHLAKE TERRACE,2026-01,13,0,0
T109,TAMAN MENJALARA (UTARA),2026-01,11,3,4
T109,THE WESTSIDE CONDO,2026-01,12,0,0
T109,WATERFRONT PARKCITY,2026-01,21,0,0
T109,ZENIA PARKHOME,2026-01,12,0,0
T110,(M1) APARTMENT DESA DUA,2026-01,18,0,0
T110,APARTMENT DESA SATU,2026-01,19,0,0
T110,BHP DESA JAYA,2026-01,19,2,1
T110,BUKIT DESA UTAMA (SELATAN),2026-01,14,0,7
T110,DESA AMAN PURI (SELATAN),2026-01,16,0,0
T110,DESA AMAN PURI (UTARA),2026-01,17,0,0
T110,DESA JAYA (BARAT),2026-01,23,0,0
T110,FLAT SRI CEMARA,2026-01,15,0,0
T110,KAFA INTEGRASI Al MUHAJIRIN (OPP),2026-01,14,0,0
T110,PERINDUSTRIAN EHSAN JAYA,2026-01,21,0,1
T110,PERUMAHAN MAHOGANI SD1/6,2026-01,15,0,0
T110,PUSAT KOMUNITI TAMAN EHSAN,2026-01,23,0,0
T110,S.K. BANDAR BARU SRI DAMANSARA (OPP),2026-01,15,0,0
T110,SEK. KEB. DESA AMANPURI,2026-01,7,0,13
T110,TAMAN EHSAN (SELATAN),2026-01,23,0,0
T110,TAMAN EHSAN (TIMUR),2026-01,22,1,0
T114,(M1) PEJ. JKR DAERAH GOMBAK (OPP),2026-01,8,0,7
T114,APARTMENT HIJAU RIA,2026-01,3,0,0
T114,CASA MILA,2026-01,12,0,0
T114,DATARAN BANDAR BARU SELAYANG,2026-01,13,0,0
T114,FRIM,2026-01,14,0,0
T114,IDAMAN HILLS,2026-01,12,0,2
T114,IPD GOMBAK,2026-01,13,0,0
T114,IPD GOMBAK (OPP),2026-01,1,0,4
T114,KOMERSIAL SELAYANG UTAMA,2026-01,4,0,0
T114,KUARTERS FRIM,2026-01,7,0,7
T114,MAJLIS PEPERIKSAAN MALAYSIA,2026-01,11,0,3
T114,MAJLIS PEPERIKSAAN MALAYSIA (OPP),2026-01,3,1,2
T114,ONE SIERRA,2026-01,4,0,11
T114,ONE SIERRA (OPP),2026-01,5,1,0
T114,PANGSAPURI MERAK,2026-01,4,0,0
T114,PANGSAPURI MERAK (OPP),2026-01,10,0,0
T114,PARAGON UTAMA,2026-01,4,0,0
T114,PERDANA RESIDENCE,2026-01,0,0,5
T114,PERUMAHAN SELAYANG UTAMA 50,2026-01,18,0,0
T114,RESIDENSI FORTUNE PERDANA,2026-01,3,0,0
T114,RESIDENSI KEPONGMAS,2026-01,3,0,0
T114,RESIDENSI KEPONGMAS (OPP),2026-01,13,0,0
T114,S.K. SELAYANG UTAMA,2026-01,5,0,0
T114,SHELL TAMAN BIDARA,2026-01,16,0,0
T114,SURAU AL-FIRDAUS TMN BIDARA,2026-01,3,0,0
T114,TAMAN BIDARA (UTARA),2026-01,16,0,0
T114,TAMAN DAYA,2026-01,13,1,0
T114,TAMAN KEPONG INDAH,2026-01,1,0,2
T114,TAMAN SELAYANG (BARAT),2026-01,3,0,0
T114,TAMAN USAHAWAN KEPONG,2026-01,13,2,0
T114,TAMAN WARISAN FRIM,2026-01,3,0,0
T115,(M1) BALAI POLIS SEGAMBUT,2026-01,20,0,0
T115,KAW. INDUSTRI KEPONG BARU,2026-01,12,0,3
T115,KOMERSIAL JLN HELANG BELALANG,2026-01,20,0,0
T115,KOMERSIAL KEPONG BARU TAMBAHAN,2026-01,17,0,3
T115,KONDOMINIUM MULBERI,2026-01,12,0,4
T115,PANGSAPURI ANGSA,2026-01,20,0,0
T115,PERSIMPANGAN JLN BUBUT,2026-01,18,0,0
T115,PERSIMPANGAN JLN PELANDUK,2026-01,20,0,0
T115,PERUMAHAN JLN ANTOI KIRI,2026-01,14,0,0
T115,PERUMAHAN JLN ANTOI KIRI 1,2026-01,2,0,12
T115,PERUMAHAN JLN API API,2026-01,19,0,0
T115,PERUMAHAN JLN API KIRI 1,2026-01,19,0,2
T115,PERUMAHAN JLN BANGAU,2026-01,11,0,10
T115,PERUMAHAN JLN BEBEREK,2026-01,14,0,0
T115,PERUMAHAN JLN BIDARA,2026-01,20,0,0
T115,PERUMAHAN JLN HELANG (BARAT),2026-01,13,1,0
T115,PERUMAHAN JLN HELANG (TIMUR),2026-01,13,0,2
T115,PERUMAHAN PERS MERGASTUA,2026-01,13,0,0
T115,PLAZA SINAR,2026-01,17,0,0
T115,S.K SERI KEPONG,2026-01,20,0,0
T115,S.K TAMAN SRI SINAR,2026-01,18,0,0
T115,TAMAN KEPONG BARU TAMBAHAN,2026-01,20,0,0
T115,TAMAN SRI SINAR (BARAT),2026-01,20,0,1
T117,(M1) TAMAN SRI SEGAMBUT (SELATAN),2026-01,11,0,0
T117,DEPOH BAS MRT JINJANG,2026-01,9,0,0
T117,KAW. PERUSAHAAN KEPONG,2026-01,11,0,0
T117,KOMERSIAL KEPONG USAHA,2026-01,11,0,0
T117,KOMERSIAL SRI SEGAMBUT,2026-01,11,0,0
T117,MARIAMMAN TEMPLE (OPP),2026-01,11,0,0
T117,MASJID AL-QURTUBI,2026-01,10,0,0
T117,SRA AL-QURTUBI (OPP),2026-01,11,0,0
T117,TAMAN PUSAT KEPONG,2026-01,11,0,0
T117,TAMAN PUSAT KEPONG (SELATAN),2026-01,8,0,0
T117,TAMAN PUSAT KEPONG (UTARA),2026-01,10,0,0
T117,TAMAN SRI SEGAMBUT,2026-01,11,0,0
T117,TSI BUSINESS INDUSTRIAL PARK,2026-01,11,0,0
T121,(M1) 99 RESIDENCE,2026-01,13,0,2
T121,ARADIA RESIDENCE (OPP),2026-01,11,0,0
T121,BARON RESIDENCE (OPP),2026-01,15,0,0
T121,ECOSKY RESIDENCE,2026-01,15,0,0
T121,KOMERSIAL TAMAN WAHYU,2026-01,12,0,0
T121,LAKECITY GALLERY,2026-01,16,0,0
T121,LAKEVILLE RESIDENCE,2026-01,16,0,0
T121,LOTUS SELAYANG,2026-01,15,0,1
T121,PERUMAHAN SIBU,2026-01,11,0,0
T121,PPR TAMAN WAHYU,2026-01,14,0,2
T121,SRI UTARA KIPARK,2026-01,15,0,0
T152,(M1) 99 WONDERLAND PARK,2026-01,9,0,0
T152,DEWAN DESA BAKTI,2026-01,5,0,0
T152,DEWAN DESA BAKTI (OPP),2026-01,9,0,0
T152,FLAT TAMAN WILAYAH SELAYANG,2026-01,10,0,4
T152,FRIM,2026-01,9,0,0
T152,KUARTERS FRIM,2026-01,5,0,4
T152,LAKEPARK RESIDENCE,2026-01,1,1,6
T152,MASJID AL-ZAKIRIN,2026-01,6,0,0
T152,MASJID AL-ZAKIRIN (OPP),2026-01,9,0,0
T152,PANGSAPURI TAMAN SRI MURNI,2026-01,6,0,3
T152,PANGSAPURI TAMAN SRI MURNI (SELATAN),2026-01,15,0,1
T152,PANGSAPURI TAMAN SRI MURNI (TIMUR),2026-01,9,0,0
T152,PARAGON UTAMA,2026-01,2,0,0
T152,PASAR BORONG KL,2026-01,8,0,0
T152,RESIDENSI FORTUNE PERDANA,2026-01,2,0,0
T152,RESIDENSI KEPONGMAS,2026-01,2,1,0
T152,RESIDENSI KEPONGMAS (OPP),2026-01,7,0,0
T152,S.K. SELAYANG UTAMA,2026-01,9,0,0
T152,SELAYANG MALL,2026-01,6,0,3
T152,SELAYANG MALL (OPP),2026-01,2,0,1
T152,SELAYANG MALL SMART STOP (OPP),2026-01,3,0,0
T152,SK SELAYANG JAYA,2026-01,8,0,0
T152,SK SELAYANG JAYA (OPP),2026-01,4,0,0
T152,TAMAN DAYA,2026-01,5,0,0
T152,TAMAN KEPONG INDAH,2026-01,1,0,2
T152,TAMAN SELAYANG (BARAT),2026-01,3,0,0
T152,TAMAN SELAYANG JAYA,2026-01,12,0,0
T152,TAMAN SELAYANG JAYA (BARAT),2026-01,10,0,0
T152,TAMAN SELAYANG JAYA (TIMUR),2026-01,9,0,3
T152,TAMAN SERI MELATI,2026-01,9,0,4
T152,TAMAN USAHAWAN KEPONG,2026-01,5,0,0
T154,(M1) FUNPARK GAMUDA LUGE,2026-01,2,1,5
T154,(M2) TAMAN TASIK BIRU,2026-01,10,0,1
T154,(M3) KOMERSIAL MASGENUINE SQUARE,2026-01,5,0,1
T154,AZALEA HOMES KUNDANG JAYA,2026-01,9,0,0
T154,DEWAN KG MELAYU KUNDANG,2026-01,12,0,0
T154,DEWAN SERBAGUNA KUANG (OPP),2026-01,7,0,0
T154,KAMPUNG GOMBAK,2026-01,7,0,0
T154,KAMPUNG GOMBAK BATU 19,2026-01,7,0,0
T154,KAMPUNG GOMBAK KUANG,2026-01,6,0,0
T154,KG BATU 20 KUANG,2026-01,3,1,0
T154,KG MELAYU KUNDANG,2026-01,12,0,0
T154,KOMERSIAL BRP 7,2026-01,5,0,0
T154,KOMERSIAL KG JAYA,2026-01,9,0,0
T154,KOMERSIAL KG JAYA (OPP),2026-01,5,0,0
T154,KUNDANG LAKES COUNTRY CLUB,2026-01,7,0,0
T154,PANGSAPURI PKNS KUANG,2026-01,2,2,4
T154,PASAR KG BARU KUNDANG,2026-01,14,0,0
T154,PERINDUSTRIAN KG JAYA 1,2026-01,7,0,1
T154,PERINDUSTRIAN KG JAYA 2,2026-01,2,0,1
T154,PERINDUSTRIAN KG JAYA 3,2026-01,7,0,2
T154,PERINDUSTRIAN KG JAYA 4,2026-01,4,0,0
T154,PERUMAHAN BRP 7,2026-01,8,1,0
T154,PERUMAHAN KUNDANG JAYA,2026-01,9,0,0
T154,PERUMAHAN KUNDANG JAYA 1A,2026-01,10,0,2
T154,PINGGIRAN RAHMAN PUTRA,2026-01,9,0,3
T154,SCIENTEX KUNDANG JAYA,2026-01,11,0,0
T154,SK BUKIT RAHMAN PUTRA,2026-01,9,1,0
T154,SK BUKIT RAHMAN PUTRA (OPP),2026-01,5,0,0
T154,SK SERI KUNDANG,2026-01,13,0,0
T154,SRA KUANG (OPP),2026-01,4,0,0
T154,SURAU KG BARU KUNDANG,2026-01,10,0,3
T154,SURAU KG SETIA KUANG,2026-01,7,0,0
T154,TAMAN KUANG RAYA,2026-01,7,0,0
T154,TAMAN MASGENUINE,2026-01,8,0,0
T154,TAMAN RAHMAT JAYA KUNDANG,2026-01,13,0,0
T180,(M1) PANGSAPURI BLOK 77 B.B.S (OPP),2026-01,14,0,0
T180,CAPERS SENTUL,2026-01,7,0,0
T180,INSTITUT LATIHAN MAKPEM,2026-01,10,0,0
T180,KOMERSIAL DATO SENU,2026-01,16,0,0
T180,LRT SENTUL,2026-01,10,0,0
T180,LRT SENTUL TIMUR,2026-01,17,0,0
T180,MASJID AMRU IBN AL'AS B.B.S,2026-01,14,0,0
T180,MASJID RAUDHATUL MUTTAQIN,2026-01,18,0,0
T180,MRT SENTUL BARAT PINTU B,2026-01,7,0,2
T180,PADANG TAMAN DATO SENU,2026-01,15,0,0
T180,PANGSAPURI BLOK 57 (OPP),2026-01,10,0,0
T180,PANGSAPURI BLOK 83 B.B.S (OPP),2026-01,16,0,0
T180,PERUMAHAN AWAM SERI NEGERI SEMBILAN,2026-01,17,1,0
T180,RIVERCITY 3RD MILE,2026-01,9,0,0
T180,RIVERWALK VILLAGE (OPP),2026-01,6,2,0
T180,S.R.A IBNU HAJAR AL-ASQALANI,2026-01,20,0,0
T180,SKY AWANI 5 RESIDENCE,2026-01,18,0,0
T180,SKY MERIDIEN (OPP),2026-01,18,0,1
T180,SMK BANDAR BARU SENTUL,2026-01,10,0,0
T180,TAMAN DATO SENU,2026-01,18,0,0
T180,TAMAN DATO SENU (SELATAN),2026-01,20,0,0
T180,TAMAN MILLION,2026-01,9,0,0
T180,THE SAFFRON SENTUL,2026-01,9,0,0
T180,THE TAMARIND (OPP),2026-01,13,0,3
T180,UTC SENTUL (OPP),2026-01,12,0,0
T305,(M1) HAB BANDAR BARU AMPANG,2026-01,2,0,4
T305,(M2) TAMAN SERAYA (UTARA),2026-01,7,0,0
T305,(M3) TAMAN MUDA (TIMUR),2026-01,6,0,0
T305,AMPANG AVENUE,2026-01,20,6,0
T305,BUNGA RAYA APARTMEN,2026-01,5,0,0
T305,DATARAN MESTIKA,2026-01,9,0,10
T305,FLAT BAYU MURNI,2026-01,13,5,1
T305,FLAT LEMBAH MAJU,2026-01,5,0,0
T305,FLAT PANDAN INDAH,2026-01,3,0,0
T305,GLENVIEW VILLA CONDOMINIUM,2026-01,22,0,0
T305,HAB BANDAR BARU AMPANG,2026-01,12,2,0
T305,HOSPITAL AMPANG (OPP),2026-01,13,0,0
T305,KG CHERAS BARU (BARAT),2026-01,16,0,4
T305,KG CHERAS BARU (TIMUR),2026-01,16,0,0
T305,KG. CHERAS BARU (TIMUR),2026-01,6,0,0
T305,MADRASATUL AMALIAH,2026-01,6,0,0
T305,MADRASATUL ISLAMIAH,2026-01,16,1,1
T305,MASJID MADRASATUL AMALIAH,2026-01,11,0,0
T305,MRT TAMAN MIDAH PINTU A,2026-01,1,0,4
T305,PANDAN INDAH,2026-01,3,0,0
T305,PANDAN MEWAH HEIGHT,2026-01,9,0,0
T305,PANDAN MEWAH HEIGHT CONDOMINIUM,2026-01,15,0,0
T305,PARAGON POINT (SELATAN),2026-01,15,0,4
T305,PARAGON POINT (UTARA),2026-01,7,0,0
T305,SEKOLAH KEBANGSAAN AMPANG CAMPURAN,2026-01,6,1,0
T305,SEKOLAH KEBANGSAAN TAMAN MUDA,2026-01,5,0,0
T305,SK AMPANG CAMPURAN,2026-01,10,0,0
T305,SMK BANDAR BARU AMPANG,2026-01,13,0,0
T305,SMK PANDAN MEWAH,2026-01,13,0,1
T305,SURAU MADRASATUL SOFWA,2026-01,4,0,0
T305,SURAU MANBA'UL TAQWA,2026-01,4,0,0
T305,SURAU MANBAUL TAQWA,2026-01,14,0,0
T305,TAMAN LEMBAH MAJU (SELATAN),2026-01,4,0,0
T305,TAMAN LEMBAH MAJU (UTARA),2026-01,4,0,0
T305,TAMAN MAWAR,2026-01,5,0,0
T305,TAMAN MELOR (BARAT),2026-01,9,0,0
T305,TAMAN MUDA (BARAT),2026-01,3,0,0
T305,TAMAN MUDA SELATAN,2026-01,16,1,1
T305,TAMAN SERAYA (BARAT),2026-01,21,0,0
T305,TAMAN SERAYA (TIMUR),2026-01,12,0,2
T305,TAMAN SRI BAHTERA (BARAT),2026-01,2,0,0
T305,TAMAN SRI BAHTERA (TIMUR),2026-01,9,2,0
T305,TAMAN SRI BAHTERA. SPG JLN SEMERAH PADI,2026-01,12,0,0
T305,TAMAN SRI BAHTERA. SPG LORONG BUKIT A8 (OPP),2026-01,6,0,0
T305,VELODROM BUSINESS PARK,2026-01,4,0,0
T305,XIAO EN CENTER,2026-01,8,0,0
T352,(M1) TMN SHAMELIN,2026-01,10,0,0
T352,7 ELEVEN,2026-01,21,0,7
T352,AEON MALURI 1 (OPP),2026-01,10,2,0
T352,BSN,2026-01,7,1,14
T352,CALTEX,2026-01,9,0,0
T352,JAB. KESIHATAN & ALAM SEKITAR DBKL,2026-01,9,0,0
T352,KEDAI NEWTON LEATHER,2026-01,11,0,5
T352,KONDO BRUNSFIELD,2026-01,9,1,0
T352,LRT PANDAN JAYA,2026-01,20,0,4
T352,MRT MALURI PINTU A,2026-01,11,0,0
T352,MRT MALURI PINTU B,2026-01,11,3,3
T352,PANDAN COURT,2026-01,13,0,0
T352,PANDAN HEIGHT,2026-01,23,0,4
T352,PANDAN PERDANA DELUXE,2026-01,29,0,0
T352,PANDAN SAFARI,2026-01,11,0,1
T352,PANDAN VISTA,2026-01,21,0,0
T352,PANDAN WARTA,2026-01,10,1,0
T352,PERDANA COURT,2026-01,11,2,0
T352,PERDANA VILLA,2026-01,25,0,0
T352,PETRON,2026-01,13,0,0
T352,PGRM,2026-01,12,0,17
T352,QUEEN'S AVENUE,2026-01,7,0,0
T352,REST NANYANG,2026-01,16,0,0
T352,SK PANDAN PERDANA,2026-01,15,0,0
T352,SK PANDAN PERDANA (OPP),2026-01,11,0,0
T352,SPG SAFARI PARK,2026-01,13,0,0
T352,SUNWAY VELOCITY RESIDENCE,2026-01,15,0,0
T352,TADIKA BAKTI NUSA,2026-01,15,0,11
T352,TERMINAL MAJU JAYA,2026-01,10,0,0
T352,TOYOTA SERVIS,2026-01,3,0,6
T352,WARISAN CITY VIEW (OPP),2026-01,14,0,2
T352,WARTA PERDANA,2026-01,13,0,0
T352,WISMA DIRGAHAYU,2026-01,9,0,0
T352,WISMA INDAH,2026-01,12,0,2
T400,(M1) KAWASAN PERINDUSTRIAN B.T.R,2026-01,3,0,0
T400,AEON MALURI 1 (OPP),2026-01,1,0,0
T400,APARTMENT DESA BANGSAWAN,2026-01,2,0,0
T400,BALAI BOMBA TUN RAZAK,2026-01,3,0,0
T400,BANDAR TUN RAZAK (TIMUR),2026-01,6,0,0
T400,FLAT SRI KOTA,2026-01,4,0,0
T400,FLAT SRI LABUAN,2026-01,1,0,0
T400,FLAT TAMAN MULIA (1),2026-01,4,0,0
T400,FLAT TAMAN MULIA (2),2026-01,4,0,0
T400,HOSPITAL REHABILITASI CHERAS (JPR),2026-01,7,0,1
T400,INSTITUT LATIHAN DBKL,2026-01,1,0,0
T400,JAB. KESIHATAN & ALAM SEKITAR DBKL,2026-01,1,0,0
T400,KELAB RENANG CHERAS (OPP),2026-01,6,0,0
T400,KLINIK KESIHATAN CHERAS,2026-01,8,1,0
T400,KOMPLEKS DARUL PUTERI,2026-01,4,0,5
T400,KONDO BRUNSFIELD,2026-01,1,0,0
T400,MADRASAH MAKARIMUL AKHLAK,2026-01,5,0,0
T400,MASJID SAIDINA OTHMAN BIN AFFAN,2026-01,3,0,0
T400,MRT MALURI PINTU A,2026-01,1,0,0
T400,MRT MALURI PINTU B,2026-01,6,0,0
T400,PERINDUSTRIAN KILANG MIDAH,2026-01,5,0,0
T400,PUSAT BELIA ANTARABANGSA KL,2026-01,1,0,0
T400,PUSAT BELIA ANTARABANGSA KL (OPP),2026-01,7,0,0
T400,PUSAT KOMERSIAL TMN MIDAH,2026-01,4,0,0
T400,PUSAT PENJAJA JLN JUJUR 3,2026-01,5,0,0
T400,PUSAT PERUBATAN UKM,2026-01,7,0,0
T400,QUEEN'S AVENUE,2026-01,1,0,0
T400,S.M. TEKNIK KL,2026-01,1,0,0
T400,S.M. TEKNIK KL (OPP),2026-01,7,0,0
T400,SIMPANG BANGSAWAN,2026-01,4,0,0
T400,SIMPANG IKHLAS  5,2026-01,3,0,0
T400,SIMPANG MEWAH 12,2026-01,4,0,0
T400,SK TMN MIDAH,2026-01,6,0,0
T400,STADIUM BADMINTON CHERAS,2026-01,9,1,0
T400,STADIUM BOLA SEPAK KL,2026-01,1,0,0
T400,SUNWAY VELOCITY RESIDENCE,2026-01,6,0,0
T400,TAMAN MULIA,2026-01,2,0,0
T400,TMN JAYA (UTARA),2026-01,6,0,0
T400,TMN MIDAH (BARAT),2026-01,6,0,0
T400,TMN MIDAH (SELATAN),2026-01,6,0,0
T400,TMN MIDAH (TIMUR),2026-01,5,0,0
T400,VELODROM KL,2026-01,7,0,1
T400,WARISAN CITY VIEW (OPP),2026-01,5,0,0
T400,WISMA INDAH,2026-01,5,0,0
T401,(M1) DATARAN DWITASIK,2026-01,4,0,0
T401,(M2) FLAT SRI MELAKA BLOK 26,2026-01,7,0,0
T401,(M3) PASAR BESAR CHERAS,2026-01,3,0,0
T401,AEON MALURI 1 (OPP),2026-01,3,0,0
T401,BAH. TEKNOLOGI PENDIDIKAN NEGERI W.P,2026-01,6,0,0
T401,BALAI POLIS SRI PERMAISURI,2026-01,4,0,0
T401,BINTANG MAS CONDOMINIUM,2026-01,3,0,0
T401,CENDANA APARTMENT,2026-01,5,0,0
T401,FLAT SRI JOHOR BLOK 3,2026-01,3,0,0
T401,FLAT SRI MELAKA (BARAT),2026-01,10,0,0
T401,FLAT SRI MELAKA (TIMUR),2026-01,11,0,0
T401,FLAT SRI MELAKA BLOK 26,2026-01,3,0,0
T401,FLAT SRI PULAU PINANG BLOK 1,2026-01,9,0,0
T401,FLAT SRI PULAU PINANG BLOK 13,2026-01,9,0,0
T401,FLAT SRI PULAU PINANG BLOK 13 (OPP),2026-01,3,0,0
T401,FLAT SRI SABAH,2026-01,12,0,0
T401,INDAH MAS APARTMENT,2026-01,12,0,0
T401,JAB. KESIHATAN & ALAM SEKITAR DBKL,2026-01,3,0,0
T401,KONDO BRUNSFIELD,2026-01,3,0,0
T401,KONDO SERI MAS,2026-01,3,1,0
T401,LAMAN TASIK CONDOMINIUM,2026-01,4,0,0
T401,LRT CHERAS,2026-01,3,0,0
T401,MASJID AZZUBAIR IBNUL AWWAM,2026-01,7,0,0
T401,MASJID AZZUBAIR IBNUL AWWAM (OPP),2026-01,2,0,7
T401,MRT MALURI PINTU A,2026-01,3,0,0
T401,MRT MALURI PINTU B,2026-01,5,2,1
T401,PASAR BESAR CHERAS,2026-01,9,0,0
T401,PEJ. DBKL ZON 1,2026-01,6,0,1
T401,PLAZA DWITASIK,2026-01,6,0,0
T401,PUSAT PERNIAGAAN DANAU LUMAYAN,2026-01,6,0,0
T401,QUEEN'S AVENUE,2026-01,3,0,0
T401,QUEENSVILLE,2026-01,4,0,0
T401,RESIDENSI AKASIA,2026-01,3,0,0
T401,RESIDENSI AKASIA (OPP),2026-01,6,0,1
T401,SERI PUTERI CONDOMINIUM,2026-01,4,0,0
T401,SMK SERI PERMAISURI,2026-01,6,0,0
T401,STADIUM BADMINTON CHERAS,2026-01,11,0,0
T401,SUNWAY VELOCITY RESIDENCE,2026-01,6,1,0
T401,TAMAN TASIK PERMAISURI,2026-01,6,0,0
T401,UNIT BERKUDA DBKL (UTARA),2026-01,5,0,0
T401,VISTA AMANI CONDOMINIUM,2026-01,5,0,0
T401,VISTA TASIK,2026-01,3,0,0
T401,WARISAN CITY VIEW (OPP),2026-01,7,0,0
T401,WISMA INDAH,2026-01,8,0,0
T401,WISMA ZELAN,2026-01,4,0,2
T402,(M1) DATARAN DWITASIK,2026-01,11,0,0
T402,(M1) QUEENSVILLE,2026-01,4,0,0
T402,BAYU TASIK CONDOMINIUM,2026-01,5,0,1
T402,CENDANA APARTMENT,2026-01,12,0,0
T402,DATARAN DWITASIK,2026-01,4,1,0
T402,HOSPITAL REHABILITASI CHERAS (JPR),2026-01,6,2,0
T402,HUKM,2026-01,9,0,0
T402,JPJ SRI PERMAISURI,2026-01,8,0,0
T402,KELAB RENANG CHERAS (OPP),2026-01,5,1,0
T402,KLINIK KESIHATAN CHERAS,2026-01,8,0,0
T402,LRT SALAK SELATAN,2026-01,8,0,0
T402,MENTARI CONDOMINIUM,2026-01,4,1,0
T402,MRT TAMAN MIDAH PINTU A,2026-01,0,0,1
T402,PANGSAPURI JASMINE,2026-01,3,0,0
T402,PERUMAHAN TAMAN MIDAH,2026-01,4,0,0
T402,PUSAT BELIA ANTARABANGSA KL (OPP),2026-01,5,0,0
T402,PUSAT KOMERSIAL TMN MIDAH,2026-01,4,0,0
T402,PUSAT PERUBATAN UKM,2026-01,8,0,2
T402,QUEENSVILLE,2026-01,9,2,0
T402,RUMAH KANAK-KANAK TENGKU BUDRIAH,2026-01,10,1,0
T402,S.M. TEKNIK KL (OPP),2026-01,9,1,0
T402,SEKOLAH KEBANGSAAN TAMAN MIDAH,2026-01,3,0,0
T402,SEKOLAH MENENGAH SAINS SELANGOR,2026-01,3,0,0
T402,SK TMN MIDAH,2026-01,3,0,0
T402,STADIUM BOLA SEPAK KL,2026-01,8,0,1
T402,SUASANA LUMAYAN CONDOMINIUM,2026-01,6,0,0
T402,TAMAN TASIK PERMAISURI,2026-01,12,0,0
T402,TESCO EXTRA CHERAS,2026-01,3,0,0
T402,TMN JAYA (UTARA),2026-01,5,0,0
T402,TMN MIDAH (BARAT),2026-01,4,1,0
T402,UNIT BERKUDA DBKL (UTARA),2026-01,11,0,0
T402,VILLA LAMAN TASIK,2026-01,3,0,0
T402,VISTA AMANI CONDOMINIUM,2026-01,10,0,0
T402,VISTA AMANI CONDOMINIUM (OPP),2026-01,4,0,0
T402,WISMA ZELAN,2026-01,10,0,7
T407,(M1) KLINIK KESIHATAN KG PANDAN,2026-01,2,0,0
T407,APARTMENT DESA PANDAN BLOK G2,2026-01,3,0,0
T407,APARTMENT DESA PANDAN BLOK J4,2026-01,3,0,0
T407,BULATAN KG. PANDAN,2026-01,2,0,0
T407,DORSETT RESIDENCE KL,2026-01,3,0,0
T407,FLAT DESA PANDAN BLOK B14,2026-01,3,0,0
T407,FLAT DESA PANDAN BLOK B14 (OPP),2026-01,2,0,0
T407,FLAT DESA PANDAN BLOK B2,2026-01,1,0,2
T407,FLAT TAMAN MALURI (OPP),2026-01,3,0,0
T407,G VILLAGE,2026-01,2,0,0
T407,I.K.M. KL,2026-01,3,0,0
T407,INSTITUT KEMAHIRAN BAITULMAL,2026-01,3,0,0
T407,KELAB ROYAL SELANGOR,2026-01,1,0,0
T407,KOMERSIAL DESA PANDAN (SELATAN),2026-01,2,0,0
T407,KOMERSIAL DESA PANDAN (TIMUR),2026-01,3,0,0
T407,KOMPLEKS BELIA & SUKAN KG. PANDAN,2026-01,2,0,0
T407,KUARTERS KERAJAAN JLN U-THANT (OPP),2026-01,3,0,0
T407,MENARA RHB (OPP),2026-01,0,0,3
T407,PERTIWI INDAH CONDO (OPP),2026-01,3,0,0
T407,PETRON TAMAN MALURI,2026-01,3,0,0
T407,PETRONAS TAMAN MALURI,2026-01,2,0,0
T407,PPR PERKASA,2026-01,0,1,2
T407,PUSAT PERDAGANGAN KG. PANDAN,2026-01,2,0,0
T407,S.M.K. AMINUDDIN BAKI (SELATAN),2026-01,2,0,0
T407,SEK. KEB. DESA PANDAN,2026-01,3,0,0
T407,SIMPANG JALAN PRIA 1,2026-01,3,0,0
T407,SIMPANG JALAN WIRAWATI 5,2026-01,3,0,0
T407,SIMPANG JALAN WIRAWATI 8,2026-01,3,0,0
T407,WISMA KEBUDAYAAN SGM,2026-01,0,3,0
T408,(M1) HAB TAMAN AWANA CHERAS,2026-01,14,0,0
T408,BAYU MAS,2026-01,23,0,0
T408,CEMARA APARTMENT,2026-01,8,0,17
T408,CENGAL APARTMENT,2026-01,25,0,0
T408,CHERAS LEISURE MALL,2026-01,19,2,0
T408,FLAT TAMAN BUKIT SEGAR,2026-01,24,0,0
T408,IBU PEJABAT PERHILITAN,2026-01,9,0,0
T408,IBU PEJABAT PERHILITAN (OPP),2026-01,14,0,0
T408,MERANTI APARTMENT,2026-01,13,0,0
T408,MERANTI APARTMENT (OPP),2026-01,9,0,0
T408,PERDANA SQUARE,2026-01,26,0,0
T408,PERUMAHAN TAMAN AWANA CHERAS,2026-01,11,0,0
T408,PETRONAS TAMAN SEGAR (OPP),2026-01,9,0,0
T408,PETRONAS TAMAN SEGAR (SELATAN),2026-01,11,0,3
T408,TAMAN BUKIT HIJAU,2026-01,1,0,8
T408,THE MARK CHERAS,2026-01,16,0,0
T408,THE MARK CHERAS (OPP),2026-01,8,0,1
T408,TMN BKT SEGAR JAYA 2,2026-01,24,0,0
T408,TMN SEGAR PERDANA (UTARA),2026-01,24,0,0
T409,(M1) TAMAN CHERAS,2026-01,27,0,0
T409,CHERAS BUSINESS CENTER (BARAT),2026-01,27,0,0
T409,CHERAS LEISURE MALL,2026-01,23,2,0
T409,DEWAN SEBAGUNA DBKL TAMAN SEGAR,2026-01,26,0,0
T409,FLAT TAMAN SEGAR,2026-01,26,0,0
T409,HOSPITAL PANTAI CHERAS,2026-01,24,0,2
T409,KETUMBAR HILL (TIMUR),2026-01,24,0,0
T409,KETUMBAR HILL (UTARA),2026-01,21,0,0
T409,KG. CHERAS BARU (TIMUR),2026-01,16,0,0
T409,MADRASATUL AMALIAH,2026-01,11,0,11
T409,PETRONAS TAMAN SEGAR (SELATAN),2026-01,25,0,1
T409,SEK. KEB. TAMAN SEGAR,2026-01,27,0,0
T409,SURAU MANBA'UL TAQWA,2026-01,22,0,0
T409,TAMAN CHERAS UTAMA (UTARA),2026-01,21,0,0
T409,TAMAN RAKYAT,2026-01,27,0,0
T409,TAMAN SUPREME (BARAT),2026-01,26,0,0
T409,TAMAN SUPREME (TIMUR),2026-01,26,0,0
T410,(M1) LRT BANDAR TASIK SELATAN,2026-01,1,0,17
T410,APARTMENT DESA TUN RAZAK,2026-01,18,0,15
T410,CHERAS ZEN PARK,2026-01,4,1,4
T410,DESA TUN RAZAK (UTARA),2026-01,22,1,15
T410,DTR APARTMENT,2026-01,11,0,0
T410,IKON CONNAUGHT,2026-01,19,0,0
T410,IKON CONNAUGHT (OPP),2026-01,9,0,6
T410,MRT TAMAN CONNAUGHT PINTU B,2026-01,15,0,0
T410,TAMAN CONNAUGHT (BARAT),2026-01,21,2,14
T410,TAMAN CONNAUGHT (UTARA),2026-01,6,0,0
T410,TAMAN TAYNTON VIEW (BARAT),2026-01,13,0,0
T410,TAMAN TAYNTON VIEW (TIMUR),2026-01,11,0,0
T410,UCSI UNIVERSITY,2026-01,12,0,0
T411,(M1) HAB TAMAN AWANA CHERAS,2026-01,13,0,0
T411,CHERAS ZEN PARK,2026-01,13,0,0
T411,KOMERSIAL CHERAS AWANA,2026-01,13,0,0
T411,MAKTAB PDRM K.L,2026-01,11,0,0
T411,MARKAS P.G.A,2026-01,9,0,4
T411,MARKAS P.G.A (OPP),2026-01,11,0,0
T411,MASJID AL-AMIN,2026-01,11,0,0
T411,MASJID AL-AMIN (OPP),2026-01,11,0,0
T411,MRT TAMAN CONNAUGHT PINTU A,2026-01,9,0,0
T411,S.K. TAMAN CUEPACS,2026-01,11,0,0
T411,S.K. TAMAN CUEPACS (OPP),2026-01,13,0,0
T411,SEGAR PERDANA 7 (SELATAN),2026-01,12,0,0
T411,SEGAR PERDANA 7 (UTARA),2026-01,13,0,0
T411,TAMAN BUKIT HIJAU,2026-01,6,1,2
T411,TAMAN CUEPACS (SELATAN),2026-01,12,0,0
T411,TAMAN CUEPACS (UTARA),2026-01,13,0,0
T411,TAMAN FERNGROVE (SELATAN),2026-01,11,0,0
T411,TAMAN FERNGROVE (UTARA),2026-01,13,0,0
T412,(M1) DESA DAMAI,2026-01,18,0,0
T412,DAMAI BESTARI,2026-01,21,0,0
T412,DAMAI JAYA,2026-01,20,0,0
T412,DAMAI KASIH,2026-01,18,0,0
T412,DAMAI MURNI,2026-01,18,0,0
T412,DAMAI NIAGA,2026-01,19,0,0
T412,DAMAI RASA,2026-01,19,0,0
T412,DEWAN SERBAGUNA ALAM DAMAI (OPP),2026-01,34,0,0
T412,FLAT BUKIT CHERAS,2026-01,32,1,0
T412,FLAT TAMAN BUKIT ANGGERIK,2026-01,28,0,6
T412,FLAT TAMAN DESA CHERAS BLOK 5,2026-01,26,0,0
T412,FLAT TAMAN DESA CHERAS BLOK 9,2026-01,28,1,0
T412,KOMERSIAL DAMAI PERDANA,2026-01,33,1,0
T412,MANDARINA COURT (OPP),2026-01,20,0,0
T412,MAXIM ALAM DAMAI,2026-01,20,0,0
T412,PANGSAPURI SERI PERINDU,2026-01,33,0,0
T412,PETRONAS ALAM DAMAI (SRI DAMAI),2026-01,34,0,0
T412,PRIMA ALAM DAMAI,2026-01,18,0,0
T412,SEK. MEN. ALAM DAMAI,2026-01,25,0,0
T412,SHELL BUKIT CHERAS,2026-01,34,0,0
T412,SMK ORCHID DESA,2026-01,20,0,0
T412,TAMAN BUKIT ANGGERIK (SELATAN),2026-01,29,0,0
T412,TAMAN BUKIT ANGGERIK (UTARA),2026-01,33,0,0
T413,(M1) SEK. KEB. TAMAN PUTERI,2026-01,20,0,0
T413,ASIA METROPOLITAN UNIVERSITY,2026-01,20,0,0
T413,BALAI POLIS BATU 9 CHERAS,2026-01,11,0,0
T413,FLAT RPR KEMACAHAYA 5,2026-01,19,0,0
T413,KG. BKT. RAYA,2026-01,18,0,0
T413,KLINIK KESIHATAN BATU 9,2026-01,20,0,0
T413,PEJABAT POS (CAW. SERAHAN) BATU 9,2026-01,9,0,0
T413,S.R.K. BATU 9 CHERAS (OPP),2026-01,18,0,0
T413,SEK. KEB. BUKIT RAYA,2026-01,21,0,0
T413,SIMPANG KEMACAHAYA 1,2026-01,19,0,2
T413,SUNWAY CHERAS,2026-01,18,0,0
T413,SURIA RESIDENCE,2026-01,20,0,0
T413,TAMAN ALAM JAYA (SELATAN),2026-01,18,0,0
T413,TAMAN ALAM JAYA (UTARA),2026-01,18,0,0
T413,TAMAN MUDUN,2026-01,19,0,0
T413,TAMAN MUDUN (SELATAN),2026-01,17,0,0
T413,TAMAN SRI MELAKA BATU 9,2026-01,19,0,0
T413,TAMAN SRI MUJUR,2026-01,18,0,0
T413,TAMAN SUNTEX,2026-01,15,5,0
T413,VENICE HILL TOWER 10,2026-01,20,0,0
T414,(M1) PANGSAPURI WAJA,2026-01,15,0,0
T414,APARTMENT TAMAN MEGAH CHERAS 3,2026-01,10,0,0
T414,DESA WANGSA APARTMENT,2026-01,14,0,0
T414,FLAT TAMAN KOTA CHERAS,2026-01,12,6,0
T414,KOMERSIAL SUADAMAI (OPP),2026-01,14,0,0
T414,MASJID BESAR BT. 9,2026-01,1,1,9
T414,PANGSAPURI LAGENDA MAS,2026-01,17,0,0
T414,PANGSAPURI SRI MESRA,2026-01,9,0,0
T414,PANGSAPURI WIRA,2026-01,13,0,0
T414,PERUMAHAN SUASANA 4 (OPP),2026-01,14,0,0
T414,PERUMAHAN SUASANA 5,2026-01,15,0,0
T414,SEK. KEB. BTHO,2026-01,9,0,0
T414,SIMPANG MEGAH 12A,2026-01,12,0,0
T414,SIMPANG SRI CHERAS. TAMAN MURNI,2026-01,12,0,0
T414,SRA TMN TUN PERAK,2026-01,16,0,0
T414,SURAU NURUL HIDAYAH,2026-01,14,0,0
T414,TAMAN DAMAI JAYA,2026-01,16,1,0
T414,TAMAN DESA WANGSA,2026-01,13,0,0
T414,TAMAN KOTA CHERAS FASA 1,2026-01,8,0,0
T414,TAMAN KOTA CHERAS FASA 3,2026-01,17,0,0
T414,TAMAN LAGENDA MAS,2026-01,16,0,0
T414,TAMAN PUTRI JAYA,2026-01,17,0,1
T415,(M1) PERUMAHAN SEK. 8,2026-01,13,0,0
T415,AEON  MAHKOTA CHERAS,2026-01,10,0,1
T415,BANDAR MAHKOTA CHERAS SEK 3,2026-01,13,0,0
T415,DEWAN SEBAGUNA SEK. 8,2026-01,13,0,0
T415,KOMERSIAL SEK. 9 (SELATAN),2026-01,14,0,0
T415,MAHKOTA RESIDENCE,2026-01,11,0,12
T415,MAHKOTA WALK,2026-01,7,0,7
T415,PERUMAHAN SEK. 6 (SELATAN),2026-01,6,0,6
T415,PERUMAHAN SEK. 6 (UTARA),2026-01,12,0,0
T416,(M1) TAMAN CHERAS JAYA FASA 7,2026-01,10,0,0
T416,CHERAS SELATAN 118,2026-01,6,1,0
T416,COLOMBIA ASIA HOSPITAL,2026-01,6,0,0
T416,JEJANTAS AEON CHERAS SELATAN,2026-01,6,0,0
T416,JEJANTAS TAMAN SRI INDAH,2026-01,10,0,0
T416,KOMERSIAL DUTAMAS CHERAS,2026-01,0,0,7
T416,PERINDUSTRIAN CHERAS JAYA (1),2026-01,11,0,0
T416,PERINDUSTRIAN CHERAS JAYA (2),2026-01,8,0,0
T416,PERINDUSTRIAN CHERAS JAYA (3),2026-01,11,0,0
T416,PLAZA KASTURI,2026-01,8,0,0
T416,PLAZA KASTURI (OPP),2026-01,7,3,0
T416,SEK. KEB CHERAS JAYA (OPP),2026-01,11,0,0
T416,SUSUR CHERAS JAYA,2026-01,10,0,0
T416,TAMAN CHERAS JAYA FASA 1 2A/2B,2026-01,9,0,0
T416,TAMAN CHERAS JAYA FASA 2B,2026-01,9,0,0
T416,TAMAN CHERAS JAYA FASA 3 (OPP),2026-01,7,0,0
T416,TAMAN CHERAS JAYA FASA 5,2026-01,9,0,0
T416,TAMAN CHERAS JAYA PERINGKAT 1,2026-01,7,0,0
T417,(M1) FLAT TMN DESA KARUN MAS,2026-01,17,0,0
T417,APARTMENT FLORA,2026-01,15,0,0
T417,APARTMENT FLORA (OPP),2026-01,21,0,0
T417,APARTMENT MERANTI,2026-01,24,0,0
T417,APARTMENT RAKYAT,2026-01,16,0,0
T417,APARTMENT RAKYAT(OPP),2026-01,23,0,0
T417,APARTMENT SERINDIT,2026-01,13,0,0
T417,CHERAS SELATAN 118,2026-01,19,0,0
T417,COLOMBIA ASIA HOSPITAL,2026-01,7,0,0
T417,DEWAN TMN IMPIAN EHSAN,2026-01,22,0,0
T417,DEWAN TMN IMPIAN EHSAN (OPP),2026-01,17,0,0
T417,JEJANTAS AEON CHERAS SELATAN,2026-01,12,0,0
T417,JEJANTAS TAMAN SRI INDAH,2026-01,22,2,0
T417,KG. BARU BALAKONG,2026-01,12,0,1
T417,KILANG PLASTIK EKSPEDISI EMAS,2026-01,12,0,0
T417,KILANG PLASTIK EKSPEDISI EMAS (OPP),2026-01,20,0,0
T417,KOMERSIAL DESA RIA,2026-01,14,0,0
T417,KOMERSIAL DESA RIA (OPP),2026-01,24,0,0
T417,KOMERSIAL DUTAMAS CHERAS,2026-01,10,0,0
T417,KOMERSIAL TAMING JAYA,2026-01,14,0,0
T417,ONE INDUSTRIAL PARK,2026-01,21,0,0
T417,PADANG PERMAINAN,2026-01,19,0,0
T417,PDG PERMAINAN (OPP),2026-01,16,0,0
T417,PLAZA KASTURI,2026-01,10,0,0
T417,PLAZA KASTURI (OPP),2026-01,18,3,0
T417,SPG JLN ALPHA IMPIAN 3,2026-01,5,0,0
T417,SPG JLN KARUN MAS 3,2026-01,16,0,0
T417,SUSUR CHERAS JAYA,2026-01,20,0,0
T417,SUSUR U-TURN CHERAS JAYA,2026-01,21,0,2
T417,SUSUR U-TURN CHERAS JAYA (OPP),2026-01,11,0,0
T417,SYMPHONY TOWER,2026-01,23,1,0
T417,TAMAN IMPIAN EHSAN 3,2026-01,24,0,0
T417,TAMAN INDUSTRI BALAKONG JAYA,2026-01,24,0,0
T417,TAMAN SETIA,2026-01,16,0,0
T417,TAMAN TAMING JAYA,2026-01,13,0,0
T418,(M1) SJK(T) JALAN SAN PENG,2026-01,13,0,0
T418,BALAI BOMBA HANG TUAH,2026-01,10,0,0
T418,BALAI BOMBA PUDU,2026-01,14,0,0
T418,BALAI POLIS KENANGA,2026-01,9,0,0
T418,BALAI POLIS PUDU,2026-01,12,1,2
T418,KENANGA POINT CONDOMINIUM,2026-01,12,0,0
T418,KLINIK KOMUNITI HANG TUAH,2026-01,10,0,0
T418,KOMERSIAL KENANGA,2026-01,10,0,0
T418,KOMERSIAL PUDU,2026-01,4,0,2
T418,LRT CHAN SOW LIN,2026-01,9,0,5
T418,LRT PUDU,2026-01,7,0,1
T418,LRT PUDU (OPP),2026-01,12,0,1
T418,PERCETAKAN NASIONAL,2026-01,9,0,0
T418,PERCETAKAN NASIONAL (BARAT),2026-01,12,0,0
T418,PERINDUSTRIAN CHAN SOW LIN (TENGAH),2026-01,11,1,0
T418,PERUMAHAN AWAM DBKL,2026-01,9,0,0
T418,SOUTHGATE COMMERCIAL CENTRE,2026-01,4,0,7
T418,SUB STOR JAB. KESIHATAN DBKL,2026-01,10,0,0
T419,(M1) RAZAK MANSION,2026-01,2,0,6
T419,DAMAI RESIDENCE,2026-01,11,0,0
T419,KAWASAN PERINDUSTRIAN CHAN SOW LIN,2026-01,15,0,0
T419,KAWASAN PERINDUSTRIAN SALAK SELATAN,2026-01,14,2,6
T419,KAWASAN PERINDUSTRIAN TRISEGI,2026-01,6,1,0
T419,KOMERSIAL BATU 3 1/2 SG BESI,2026-01,0,0,8
T419,PERCETAKAN NASIONAL,2026-01,3,0,0
T419,PERCETAKAN NASIONAL (OPP),2026-01,6,2,0
T419,PERINDUSTRIAN CHAN SOW LIN (SELATAN),2026-01,7,0,0
T419,PERINDUSTRIAN CHAN SOW LIN (TENGAH),2026-01,11,0,0
T419,PERINDUSTRIAN CHAN SOW LIN (UTARA),2026-01,8,0,0
T419,RAZAK CITY RESIDENCES (BLOCK A),2026-01,9,0,0
T419,RAZAK MANSION (OPP),2026-01,8,0,1
T419,THE CHINA PRESS,2026-01,8,0,0
T419,WISMA TRAX,2026-01,8,0,0
T451,(M1) KOLEJ ZAABA BLOK C,2026-01,4,0,1
T451,(M2) REST NAMERA,2026-01,5,0,2
T451,(M3) KEDAI TAYAR DUNLOP,2026-01,3,0,1
T451,(M3) TERMINAL REKO,2026-01,0,0,10
T451,BANDAR KAJANG,2026-01,6,1,1
T451,BGN SAINS KIMIA. UKM,2026-01,6,0,0
T451,DEWAN GEMILANG,2026-01,5,0,1
T451,FAKULTI EKONOMI & PENGURUSAN. UKM,2026-01,4,0,0
T451,FAKULTI KEJURUTERAAN,2026-01,6,0,0
T451,FAKULTI SAINS. SOSIAL & KEMANUSIAAN. UKM,2026-01,7,0,0
T451,GUDANG KTM,2026-01,7,0,1
T451,GUDANG KTM (OPP),2026-01,3,0,0
T451,KAJIAN BAHASA,2026-01,6,0,0
T451,KEDAI MOTOR SUZUKI (OPP),2026-01,8,0,0
T451,KG SG TANGKAS,2026-01,6,0,6
T451,KOLEJ MAS,2026-01,0,0,5
T451,KOLEJ RAHIM KAJAI,2026-01,5,0,0
T451,KOLEJ UNGKU OMAR. UKM (BARAT),2026-01,0,0,7
T451,KUIL,2026-01,1,0,0
T451,MASJID,2026-01,5,0,0
T451,MAYBANK PEKAN KAJANG,2026-01,0,0,3
T451,MENARA MPKj,2026-01,4,0,2
T451,MRT KAJANG PINTU A,2026-01,9,0,0
T451,PANGGUNG SENI UKM,2026-01,3,0,0
T451,PEJ MAHASISWA ANAK. UKM,2026-01,7,0,0
T451,PERPUSTAKAAN TS LANANG,2026-01,7,0,0
T451,PINTU BELAKANG UKM,2026-01,2,0,1
T451,PINTU MASUK UKM,2026-01,9,0,0
T451,PINTU UTAMA UKM,2026-01,4,0,0
T451,PLAZA PERABOT,2026-01,3,0,0
T451,PLAZA PERABOT (OPP),2026-01,10,0,0
T451,PUSAT KESIHATAN,2026-01,6,0,0
T451,REKO SENTRAL,2026-01,3,0,0
T451,REKO SENTRAL (OPP),2026-01,9,0,0
T451,REST UMI,2026-01,8,0,1
T451,REST UMI (OPP),2026-01,2,0,1
T451,SAVILLE KAJANG,2026-01,3,0,0
T451,SAVILLE KAJANG (OPP),2026-01,9,0,0
T451,SHELL,2026-01,3,0,0
T451,SHELL (OPP),2026-01,9,0,0
T451,TAMAN HIJAU,2026-01,3,0,0
T451,TAMAN REKO JAYA (OPP),2026-01,8,0,0
T451,TAMAN SRI LANGAT 2,2026-01,3,0,0
T451,TAMAN SRI LANGAT 2 (OPP),2026-01,8,0,1
T451,TAMAN SRI REKO,2026-01,2,0,1
T451,TUN HUSSEIN ONN,2026-01,6,0,0
T453,(M1) PALM WALK 3,2026-01,17,0,0
T453,BDR SG. LONG 7 (BARAT),2026-01,10,0,0
T453,BDR SG. LONG 7 (TIMUR),2026-01,15,0,0
T453,FOREST GREEN CONDOMINIUM,2026-01,17,0,0
T453,GARDEN PARK CONDO,2026-01,16,0,0
T453,GREEN ACRE CONDO,2026-01,11,0,0
T453,HAB UTAR,2026-01,7,0,0
T453,INSTITUT PENGURUSAN VETERINAR,2026-01,11,1,5
T453,PALM WALK 1 &2 (OPP),2026-01,14,0,0
T453,PERSIMPANGAN SG. LONG,2026-01,7,0,0
T453,PERUMAHAN SEKSYEN 2 BDR SG. LONG,2026-01,11,0,0
T453,RESIDENSI SG LONG/TAMAN PUNCAK INDAH,2026-01,10,0,0
T453,SG. LONG CLUB HOUSE,2026-01,5,0,0
T453,SHELL JLN. SG. LONG,2026-01,13,1,3
T453,SHELL JLN. SG. LONG (OPP),2026-01,6,0,0
T453,SMK. BANDAR SG. LONG,2026-01,20,0,0
T453,TAMAN IKHLAS,2026-01,17,0,0
T453,TAMAN RAKAN (BARAT),2026-01,16,6,2
T453,TAMAN RAKAN (TIMUR),2026-01,10,0,6
T455,(M1) PERUMAHAN SUTERA 3,2026-01,21,0,0
T455,APARTMENT TERATAI,2026-01,21,0,0
T455,FLAT CHERAS PRIMA,2026-01,21,0,0
T455,KEDAI BASIKAL KG SG. BALAK,2026-01,22,0,0
T455,KG. SG. BALAK (1),2026-01,22,0,0
T455,KG. SG. BALAK (2),2026-01,20,0,0
T455,MASJID KG SG SEKAMAT,2026-01,38,0,0
T455,PREMIS LOT 4291,2026-01,14,0,0
T455,PREMIS LOT 4291 (OPP),2026-01,17,0,0
T455,PREMIS LOT 4711,2026-01,20,0,0
T455,SIMPANG JLN. SARJAN MAT,2026-01,21,1,0
T455,SRA. KG. SG. BALAK,2026-01,19,1,0
T455,SURAU TAMAN SUTERA (OPP),2026-01,21,0,0
T455,SUTERA RESIDENCES,2026-01,21,0,0
T455,TAMAN CHERAS PRIMA (1),2026-01,16,6,0
T455,TAMAN CHERAS PRIMA (2),2026-01,21,0,0
T455,TMN DELIMA,2026-01,20,0,0
T457,(M1) OASIS RESIDENCE,2026-01,8,0,0
T457,AKOYA RESIDENCE,2026-01,8,0,0
T457,AMEERA RESIDENCE,2026-01,8,0,0
T457,BANDAR KAJANG,2026-01,5,0,0
T457,DESA SRI JENARIS,2026-01,11,0,6
T457,FLAT SRI SAUJANA,2026-01,7,0,0
T457,IVORY RESIDENCE,2026-01,8,0,0
T457,IVORY RESIDENCE (OPP),2026-01,8,0,0
T457,KAJANG PLAZA,2026-01,5,0,0
T457,KG. SG. KANTAN,2026-01,5,0,0
T457,KOLEJ KOMUNITI HULU LANGAT,2026-01,8,0,0
T457,KOMERSIAL PRIMA SAUJANA,2026-01,8,0,0
T457,LOT 1087,2026-01,4,0,0
T457,LOT 3082,2026-01,8,0,0
T457,MASJID JAMEK KAJANG (OPP),2026-01,9,0,0
T457,MAYBANK PEKAN KAJANG,2026-01,4,0,0
T457,MUTIARA AVENUE,2026-01,8,0,0
T457,PERUMAHAN PRIMA SAUJANA,2026-01,8,0,0
T457,SIMPANG JLN. GHAZALY,2026-01,8,0,0
T457,SIMPANG JLN. GHAZALY (OPP),2026-01,5,0,0
T457,SIMPANG JLN. MELATI 2,2026-01,4,1,1
T457,SIMPANG JLN. MELOR 6,2026-01,8,0,0
T457,SPG JLN. MELATI 1,2026-01,5,0,0
T457,SRA. SG. KANTAN,2026-01,3,0,0
T457,SRA. SG. KANTAN (OPP),2026-01,8,0,1
T457,SURAU AL HIDAYAH (OPP),2026-01,2,0,0
T457,SURAU AL HIDAYAH SG. KANTAN,2026-01,7,0,0
T457,TADIKA KEMAS DESA SRI JENARIS,2026-01,8,0,1
T457,TAMAN PUNCAK SAUJANA,2026-01,8,0,0
T458,(M1) DESA MUTIARA APARTMENT,2026-01,7,0,0
T458,APARTMENT INDAH,2026-01,6,0,0
T458,BANDAR KAJANG,2026-01,2,0,2
T458,DERET KEDAI TAMAN INDAH,2026-01,9,0,1
T458,DERET KEDAI TAMAN KAJANG BARU,2026-01,10,0,0
T458,DERET KEDAI TMN BUKIT CANTIK,2026-01,4,0,0
T458,HOSPITAL KAJANG,2026-01,10,0,0
T458,KAFA AL-ASMAH,2026-01,9,0,2
T458,KAWASAN PERNIAGAAN NILAM,2026-01,5,0,4
T458,KOMERSIAL BANDAR KAJANG,2026-01,13,1,0
T458,KOMPLEKS PENJARA KAJANG,2026-01,6,0,0
T458,KUARTERS JKR SG. JELOK,2026-01,4,0,0
T458,MAYBANK PEKAN KAJANG,2026-01,4,0,0
T458,MENARA MPKj,2026-01,8,0,0
T458,METRO POINT KAJANG,2026-01,4,0,0
T458,PANGSAPURI PERDANA IMPIAN,2026-01,11,0,0
T458,PEJABAT AIR SELANGOR,2026-01,4,0,0
T458,PERSIMPANGAN SG. JELOK,2026-01,8,0,2
T458,PERUMAHAN TAMAN SRI JELOK,2026-01,11,0,0
T458,SEK. MEN. TINGGI KAJANG,2026-01,10,0,0
T458,TAMAN BERLIAN (1),2026-01,7,0,0
T458,TAMAN BERLIAN (2),2026-01,6,0,0
T458,TAMAN KAJANG BARU,2026-01,6,0,0
T458,TAMAN MEGAH,2026-01,6,0,0
T458,TAMAN RESTU 7,2026-01,9,0,1
T458,TAMAN RIA,2026-01,9,0,0
T458,TAMAN SENTOSA,2026-01,6,0,0
T458,TAMAN SRI JELOK,2026-01,9,0,0
T458,TTDI GROVE 2 @ LILI,2026-01,1,0,8
T459,(M1) TAMAN BUKIT MEWAH FASA 7,2026-01,10,0,0
T459,BANDAR KAJANG,2026-01,9,1,0
T459,DERET KEDAI BUKIT MEWAH 47,2026-01,8,0,3
T459,FLAT BUKIT MEWAH,2026-01,8,0,3
T459,FLAT TAMAN BUKIT MUTIARA,2026-01,9,0,0
T459,KAWASAN PERNIAGAAN NILAM,2026-01,8,0,5
T459,KOLEJ VOKASIONAL KAJANG,2026-01,8,0,5
T459,KOMERSIAL BANDAR KAJANG,2026-01,9,0,0
T459,KOMERSIAL TAMAN KAJANG PRIMA,2026-01,12,0,0
T459,MAYBANK PEKAN KAJANG,2026-01,9,0,0
T459,METRO AVENUE (OPP),2026-01,13,0,0
T459,METRO POINT KAJANG,2026-01,6,0,4
T459,PADANG BOLA TAMAN JASMIN,2026-01,11,0,0
T459,PEJABAT AIR SELANGOR,2026-01,8,0,0
T459,PERSIMPANGAN SG. JELOK,2026-01,12,0,1
T459,SEK. KEB. TAMAN JASMIN,2026-01,11,0,0
T459,SEK. KEB. TAMAN JASMIN GATE 2,2026-01,12,0,0
T459,SEK. MEN. TINGGI KAJANG,2026-01,12,0,1
T459,SENTOSA AVENUE,2026-01,12,0,1
T459,SIMPANG BUKIT MEWAH 49,2026-01,11,0,0
T459,SIMPANG JASMIN 20,2026-01,11,0,0
T459,TAMAN BUKIT MUTIARA,2026-01,10,0,1
T459,TAMAN LEMBAH MEWAH,2026-01,9,0,2
T459,TAMAN PERMAI,2026-01,10,0,0
T459,TAMAN RESTU 7,2026-01,7,0,6
T459,TAMAN ZAMRUD,2026-01,8,0,0
T460,(M1) TAMAN HARMONI,2026-01,3,0,0
T460,APARTMENT SERI BAIDURI,2026-01,6,0,0
T460,BANDAR KAJANG,2026-01,2,0,0
T460,FLAT BLOK M,2026-01,3,0,0
T460,HILL PARK 1,2026-01,7,0,1
T460,HILLVIEW RESIDENCE,2026-01,4,0,0
T460,HOSPITAL KAJANG,2026-01,9,0,0
T460,KAJANG PRIMA,2026-01,9,0,0
T460,KAWASAN PERNIAGAAN NILAM,2026-01,7,0,1
T460,KLINIK KESIHATAN KAJANG,2026-01,7,0,3
T460,KOLEJ VOKASIONAL KAJANG,2026-01,8,0,2
T460,KOMERSIAL BANDAR KAJANG,2026-01,9,2,0
T460,KOMERSIAL BANDAR TEKNOLOGI,2026-01,8,0,0
T460,MAYBANK PEKAN KAJANG,2026-01,1,0,0
T460,MENARA MPKj,2026-01,9,0,0
T460,METRO POINT KAJANG,2026-01,2,0,0
T460,MYDIN MALL,2026-01,3,0,0
T460,PANGSAPURI VISTA PERDANA,2026-01,3,0,0
T460,PEJABAT AIR SELANGOR,2026-01,1,0,0
T460,PERINDUSTRIAN SEK. 4,2026-01,3,0,0
T460,PERINDUSTRIAN SEK. 4 (BARAT),2026-01,8,0,0
T460,PERINDUSTRIAN SEK. 4 (SELATAN),2026-01,7,0,1
T460,PERINDUSTRIAN SEK. 4 (TIMUR),2026-01,3,0,0
T460,PERINDUSTRIAN SEK. 6,2026-01,3,0,0
T460,PERSIMPANGAN SG. JELOK,2026-01,10,0,0
T460,PERUMAHAN SEK. 3 (BARAT),2026-01,6,0,0
T460,PERUMAHAN SEK. 3 (TIMUR),2026-01,3,0,0
T460,RESIDENSI AMAN & PERMAI,2026-01,3,0,0
T460,RESIDENSI DAMAI,2026-01,6,0,0
T460,SEK. MEN. TINGGI KAJANG,2026-01,8,1,0
T460,SIMPANG JLN 3/20,2026-01,3,0,0
T460,SURAU AL-HIDAYAH,2026-01,7,0,0
T460,SYMPHONY RESIDENCE,2026-01,2,0,0
T460,TAMAN LEMBAH MEWAH,2026-01,2,0,0
T460,TAMAN MAJU KAJANG,2026-01,5,0,3
T460,TAMAN RESTU 7,2026-01,8,0,2
T460,TAMAN ZAMRUD,2026-01,2,0,0
T461,(M1) FLAT CITRA,2026-01,19,0,0
T461,APARTMENT CEMARA,2026-01,18,0,0
T461,APARTMENT SURIA,2026-01,16,0,0
T461,APARTMENT SUTERA,2026-01,17,0,0
T461,FLAT KAJANG UTAMA,2026-01,19,0,0
T461,KEDAI MOTOR SUZUKI (OPP),2026-01,20,0,0
T461,KOMERSIAL TAMAN BUKIT MEWAH,2026-01,17,0,0
T461,KUARTERS GURU  KAJANG UTAMA,2026-01,18,1,1
T461,KUIL,2026-01,11,0,0
T461,PERUMAHAN SEKSYEN 2,2026-01,19,0,0
T461,PERUMAHAN SEKSYEN 3,2026-01,18,0,1
T461,SEKSYEN 1 TAMAN KAJANG UTAMA,2026-01,16,0,0
T461,SMK KAJANG UTAMA,2026-01,19,1,0
T461,TAMAN BANGI,2026-01,2,0,15
T461,TAMAN BUKIT MEWAH FASA 8A,2026-01,16,0,0
T461,TAMAN HIJAU,2026-01,15,1,0
T461,TAMAN KAJANG SENTRAL,2026-01,13,0,6
T461,TAMAN KAJANG UTAMA,2026-01,16,1,0
T461,TAMAN REKO JAYA (OPP),2026-01,19,0,0
T461,TAMAN SRI REKO,2026-01,15,0,1
T462,(M1) KOMPLEKS PKNS BANGI,2026-01,3,0,0
T462,3B CURVE BUSINESS PARK,2026-01,6,0,0
T462,D'8 BANDAR BARU BANGI (SELATAN),2026-01,7,0,0
T462,D'8 BANDAR BARU BANGI (UTARA),2026-01,6,0,0
T462,HOSPITAL PAKAR AN NUR,2026-01,5,0,0
T462,KEDAI MOTOR SUZUKI (OPP),2026-01,6,0,0
T462,KG. SG. RAMAL DALAM (BARAT),2026-01,7,0,0
T462,KG. SG. RAMAL DALAM (TIMUR),2026-01,3,0,0
T462,KOMERSIAL MEDAN PB,2026-01,6,0,0
T462,KOMERSIAL SEKSYEN 4 TAMBAHAN,2026-01,3,0,2
T462,KOMERSIAL SEKSYEN 6,2026-01,3,0,0
T462,KOMPLEKS PENTADBIRAN DAERAH HULU LANGAT (OPP),2026-01,6,0,0
T462,PERSIMPANGAN JLN DATO DAGANG,2026-01,6,0,0
T462,PUNCAK BANGI (OPP),2026-01,4,0,0
T462,PUSAT KOMERSIAL SEK 7 (SELATAN),2026-01,1,0,1
T462,PUSAT KOMERSIAL SEK 7 (UTARA),2026-01,5,1,0
T462,REKO SENTRAL (OPP),2026-01,5,0,0
T462,SAVILLE KAJANG (OPP),2026-01,5,0,0
T462,SEKSYEN 4 TAMBAHAN,2026-01,5,1,0
T462,SEKSYEN 8 FASA 2 (BARAT),2026-01,7,0,0
T462,SEKSYEN 8 FASA 2 (TIMUR),2026-01,2,0,0
T462,SERI WIRANI SEKSYEN 8 (BARAT),2026-01,7,0,0
T462,SERI WIRANI SEKSYEN 8 (TIMUR),2026-01,2,0,0
T462,SURAU AL-AMIN SEKSYEN 8,2026-01,1,0,2
T462,SURAU AL-UKHUWAH SEKSYEN 8 (BARAT),2026-01,7,0,0
T462,SURAU AL-UKHUWAH SEKSYEN 8 (TIMUR),2026-01,2,0,0
T462,TAMAN DESA SURADA,2026-01,7,0,0
T462,TAMAN REKO JAYA (OPP),2026-01,4,1,0
T462,TAMAN SERI MUTIARA,2026-01,2,0,0
T462,TAMAN SRI LANGAT 2 (OPP),2026-01,4,0,0
T463,(M1) PETRONAS UNIKEB 2 (HUB),2026-01,6,0,0
T463,FLAT JUBLI PERAK SEKSYEN 4,2026-01,4,0,0
T463,JALAN  4/9G,2026-01,8,0,0
T463,JLN 4/2,2026-01,8,0,0
T463,JLN 4/3,2026-01,7,0,0
T463,JLN 4/9 C (OPP),2026-01,7,0,0
T463,JLN 4/9C,2026-01,9,0,0
T463,KEDAI MOTOR SUZUKI (OPP),2026-01,8,0,0
T463,KUIL,2026-01,4,0,0
T463,PANGSAPURI ANGGUN,2026-01,5,0,0
T463,PERUMAHAN JLN 4/6,2026-01,6,0,0
T463,REKO SENTRAL,2026-01,6,1,7
T463,REKO SENTRAL (OPP),2026-01,9,0,0
T463,SAVILLE KAJANG,2026-01,7,0,0
T463,SAVILLE KAJANG (OPP),2026-01,9,0,0
T463,SK JALAN EMPAT,2026-01,9,0,0
T463,SK JLN EMPAT (OPP),2026-01,5,0,0
T463,SMK JALAN EMPAT (OPP),2026-01,7,0,0
T463,SMK JALAN EMPAT (PINTU BELAKANG),2026-01,9,0,0
T463,SMK JALAN EMPAT (PINTU DEPAN),2026-01,9,0,0
T463,SPG 4/8E,2026-01,8,0,0
T463,SPG 4/8E (OPP),2026-01,7,0,0
T463,SPG JLN 4/7,2026-01,5,0,0
T463,SPG JLN 4/7M (OPP),2026-01,9,0,0
T463,TAMAN HIJAU,2026-01,6,0,0
T463,TAMAN REKO JAYA (OPP),2026-01,6,0,0
T463,TAMAN SRI LANGAT 2,2026-01,7,0,0
T463,TAMAN SRI LANGAT 2 (OPP),2026-01,8,0,0
T463,TAMAN SRI REKO,2026-01,7,0,0
T463,ULINE TYRE,2026-01,6,1,0
T463,ULINE TYRE (OPP),2026-01,8,0,1
T464,(M1) PETRONAS SEKSYEN 16 (OPP),2026-01,3,1,0
T464,(M2) REST NAMERA,2026-01,9,0,0
T464,(M3) KEDAI TAYAR DUNLOP,2026-01,1,0,0
T464,(M3) TERMINAL REKO,2026-01,0,0,10
T464,AKADEMI CUKAI,2026-01,7,0,0
T464,ALMASHOOR,2026-01,0,0,7
T464,BANDAR KAJANG,2026-01,9,2,0
T464,BANGI GATEWAY (OPP),2026-01,7,0,0
T464,BANGI GATEWAY MALL,2026-01,1,0,1
T464,C BANNER PRINT,2026-01,4,0,0
T464,GUDANG KTM,2026-01,10,0,1
T464,KEDAI MOTOR SUZUKI (OPP),2026-01,7,0,0
T464,KEDAI SERI MELATI,2026-01,1,0,0
T464,KG SG TANGKAS,2026-01,2,0,8
T464,KLINIK BANGI & SURGERY (OPP),2026-01,9,0,0
T464,KPTM BANGI,2026-01,1,0,0
T464,LHDN BANGI,2026-01,6,0,1
T464,LHDN BANGI (OPP),2026-01,1,0,0
T464,MENARA MPKj,2026-01,6,0,1
T464,MRT KAJANG PINTU A,2026-01,10,0,0
T464,PADANG  SPG 1/9C,2026-01,4,0,0
T464,PANGGUNG SENI UKM,2026-01,7,0,3
T464,PASAR AWAM SEKSYEN 1,2026-01,5,0,0
T464,PERUMAHAN SEKSYEN 6,2026-01,3,0,0
T464,PERUMAHAN TERAS JERNANG,2026-01,1,0,0
T464,PERUMAHAN TERES SEKSYEN 16,2026-01,5,0,1
T464,PETRONAS PERSIARAN PEKELILING,2026-01,5,1,0
T464,PETRONAS UNIKEB 1,2026-01,4,0,0
T464,PINTU MASUK UKM,2026-01,2,0,0
T464,PINTU UTAMA UKM,2026-01,1,0,0
T464,PLAZA PERABOT (OPP),2026-01,10,0,0
T464,REKO SENTRAL (OPP),2026-01,8,0,0
T464,REST UMI,2026-01,10,0,0
T464,REST UMI (OPP),2026-01,1,0,0
T464,RIA TOMYAM,2026-01,7,0,0
T464,SAVILLE KAJANG (OPP),2026-01,9,0,0
T464,SHELL (OPP),2026-01,8,0,0
T464,SIMPANG PINTU MASUK UKM,2026-01,7,0,0
T464,TAMAN REKO JAYA (OPP),2026-01,6,0,0
T464,TAMAN SRI LANGAT 2 (OPP),2026-01,6,0,0
T464,WISMA UNIKEB,2026-01,8,0,0
T465,(M1) JADITE SUITES,2026-01,12,0,1
T465,EATON INTERNATIONAL SCHOOL,2026-01,8,0,4
T465,JADE SQUARE,2026-01,1,0,10
T465,JADE SQUARE (OPP),2026-01,10,0,0
T465,JADE SQUARE 2,2026-01,12,0,0
T465,KOMERSIAL TAMAN MAJLIS JAYA,2026-01,15,1,4
T465,PANGSAPURI GAPURA BAYU,2026-01,12,0,0
T465,PANGSAPURI SETIA IMPIAN,2026-01,12,0,0
T465,PANGSAPURI TAMAN TASIK SG CHUA,2026-01,10,0,0
T465,PANGSAPURI TAMAN TASIK SG CHUA (OPP),2026-01,13,0,0
T465,PERINDUSTRIAN KG BUKIT ANGKAT,2026-01,20,0,2
T465,PERUSAHAAN KG BUKIT ANGKAT,2026-01,9,1,0
T465,SETIA IMPIAN RESIDENCES,2026-01,10,0,0
T465,TAMAN PERINDUSTRIAN KIDAMAI,2026-01,10,0,0
T465,TAMAN PERINDUSTRIAN KIDAMAI (OPP),2026-01,13,0,0
T465,WINNIE PLAZA,2026-01,6,7,0
T465,WINNIE PLAZA (OPP),2026-01,8,0,0
T504,(M1) SMK CYBERJAYA,2026-01,3,0,0
T504,CRISTAL SERIN RESIDENCE,2026-01,3,0,0
T504,CYBERIA CRESCENT 1,2026-01,3,0,0
T504,CYBERIA SMART HOMES (OPP),2026-01,3,0,0
T504,D'MELOR RESIDENCE (OPP),2026-01,2,0,0
T504,GEM IN MALL,2026-01,3,0,0
T504,KOLEJ iCOOP,2026-01,3,0,0
T504,KOMPLEKS TM CYBERJAYA,2026-01,3,0,0
T504,LAKEFRONT VILLA (OPP),2026-01,3,0,0
T504,LAKEPOINT RESIDENCE,2026-01,3,0,0
T504,MAJLIS PERBANDARAN SEPANG,2026-01,3,0,0
T504,MASJID FISABILILLAH,2026-01,2,0,0
T504,MASJID FISABILILLAH (OPP),2026-01,3,0,0
T504,MKN EMBASSY TECHZONE,2026-01,2,0,0
T504,MKN EMBASSY TECHZONE (OPP),2026-01,2,0,1
T504,MMU ENTRANCE A,2026-01,3,0,0
T504,MMU ENTRANCE B (OPP),2026-01,2,0,0
T504,MUTIARA VILLE RESIDENCE,2026-01,3,0,0
T504,McD EDUSPHERE,2026-01,3,0,0
T504,RADIUS,2026-01,2,0,0
T504,SERIN RESIDENCY,2026-01,2,0,0
T504,SJK(C) UNION,2026-01,3,0,0
T504,SK CYBERJAYA 1,2026-01,3,0,0
T504,SKYPARK CYBERJAYA,2026-01,0,1,0
T504,SKYPARK CYBERJAYA (OPP),2026-01,0,0,3
T504,TELEKOM MALAYSIA (1),2026-01,1,0,2
T504,THE ARC CYBERJAYA,2026-01,3,0,0
T504,UNIVERSITY OF CYBERJAYA,2026-01,3,0,0
T504,WISMA MUSTAPHA KAMAL (OPP),2026-01,2,0,0
T505,(M1) HOSPITAL CYBERJAYA,2026-01,1,0,1
T505,AUTOVILLE CYBERJAYA,2026-01,2,0,0
T505,CYBERIA SMART HOMES,2026-01,2,0,0
T505,CYBERIA SMART HOMES (OPP),2026-01,2,0,0
T505,CYBERJAYA TRANSPORT TERMINAL,2026-01,2,0,0
T505,D'PULZE,2026-01,2,0,0
T505,DXN CYBERVILLE,2026-01,2,0,0
T505,DXN CYBERVILLE (OPP),2026-01,1,0,0
T505,GEM IN MALL,2026-01,1,1,0
T505,GLOMAC CYBERJAYA (BARAT),2026-01,2,0,0
T505,KOLEJ ICOOP (TIMUR),2026-01,1,0,0
T505,KOLEJ UNIKOP (BARAT),2026-01,3,0,0
T505,KOMPLEKS TM CYBERJAYA,2026-01,3,0,0
T505,LIMKOKWING UNIVERSITY (BARAT),2026-01,3,0,0
T505,LIMKOKWING UNIVERSITY (OPP),2026-01,1,0,0
T505,MALAKAT MALL,2026-01,2,0,0
T505,MKN EMBASSY TECHZONE,2026-01,1,0,0
T505,MKN EMBASSY TECHZONE (OPP),2026-01,1,0,1
T505,MMU,2026-01,2,0,0
T505,MMU ENTRANCE B,2026-01,2,0,0
T505,MMU ENTRANCE B (OPP),2026-01,1,0,0
T505,QUILL 18,2026-01,1,0,0
T505,QUILL 2,2026-01,2,0,0
T505,QUILL 3,2026-01,2,0,0
T505,TAMAN PINGGIRAN CYBER,2026-01,2,0,0
T505,TAMARIND SQUARE,2026-01,2,0,0
T505,WISMA SHELL,2026-01,1,0,0
T505,WISMA SHELL (OPP),2026-01,3,0,0
T506,(M1) SETIA SAFIRO,2026-01,1,0,1
T506,(M2) BOMBA CYBERJAYA (BARAT),2026-01,2,0,0
T506,(M3) MAGIC CENTRE,2026-01,0,0,1
T506,APARTMENT PRIMA ONE,2026-01,1,0,0
T506,ASPIRE RESIDENCE,2026-01,1,0,0
T506,COPLACE 13,2026-01,2,0,0
T506,COTTAGE WALK,2026-01,2,0,0
T506,CYBERSQUARE,2026-01,1,0,0
T506,DXC TECHNOLOGY,2026-01,2,0,0
T506,DXN CYBERVILLE (OPP),2026-01,1,0,0
T506,GLOMAC CYBERJAYA (TIMUR),2026-01,1,0,0
T506,IBU PEJABAT LHDN MALAYSIA,2026-01,2,0,0
T506,KENWINGSTON BUSINESS CENTRE,2026-01,1,0,1
T506,KOMPLEKS KEDIAMAN KAKITANGAN AWAM CYBERJAYA,2026-01,1,0,0
T506,LIMKOKWING UNIVERSITY (OPP),2026-01,1,0,0
T506,MASJID CYBERJAYA 10,2026-01,2,0,0
T506,MERCU MQA,2026-01,1,0,0
T506,MKN EMBASSY TECHZONE,2026-01,1,0,0
T506,MULIA RESIDENCES,2026-01,1,0,0
T506,NTT MSC,2026-01,1,0,0
T506,PRIMA 9,2026-01,1,0,0
T506,PRIMA AVENUE,2026-01,1,0,0
T506,RADIUS,2026-01,1,0,0
T506,SEJATI LAKESIDE,2026-01,1,0,0
T506,SEJATI LAKESIDE (OPP),2026-01,1,0,0
T506,TECH MAHINDRA,2026-01,1,0,0
T507,(M1) BALAI POLIS CYBERJAYA,2026-01,11,0,0
T507,BOMBA CYBERJAYA,2026-01,10,0,0
T507,CASSIA GARDEN RESIDENCE,2026-01,4,0,0
T507,CENTURY SQUARE,2026-01,6,0,0
T507,COPLACE 13,2026-01,8,0,0
T507,COTTAGE WALK,2026-01,10,0,0
T507,CYBERJAYA TRANSPORT TERMINAL,2026-01,10,0,0
T507,CYBERVIEW GARDEN VILLA,2026-01,4,0,0
T507,GARDEN PLAZA,2026-01,4,0,0
T507,GLOMAC CYBERJAYA (TIMUR),2026-01,6,0,0
T507,IBU PEJABAT LHDN  (BARAT),2026-01,9,0,1
T507,JPJ BAH. TEKNOLOGI DIGITAL,2026-01,12,0,0
T507,KANVAS,2026-01,11,0,0
T507,KOMERSIAL NEO CYBER,2026-01,9,0,0
T507,LIMKOKWING UNIVERSITY,2026-01,2,0,3
T507,LIMKOKWING UNIVERSITY (TIMUR),2026-01,1,0,3
T507,MAGIC CENTRE,2026-01,11,0,0
T507,MDEC,2026-01,7,0,0
T507,NTT MSC,2026-01,8,0,0
T507,NTT MSC (OPP),2026-01,6,0,0
T507,PERDANA LAKEVIEW EAST,2026-01,4,0,0
T507,PERDANA LAKEVIEW WEST,2026-01,5,0,3
T507,PLAZA CRYSTALVILLE,2026-01,12,0,0
T507,PRIMERA SUITE,2026-01,11,0,0
T507,QUILL 3,2026-01,9,0,0
T507,SEKOLAH SERI PUTERI,2026-01,4,0,2
T507,SHAFTSBURY SQUARE,2026-01,7,0,0
T507,TECH MAHINDRA,2026-01,10,0,0
T507,THE DOMAIN @ NEO CYBER,2026-01,11,0,0
T509,(M1) ALAMANDA (SELATAN),2026-01,9,0,0
T509,APARTMENT PUTRA HARMONI (SELATAN),2026-01,6,3,0
T509,CENDERAWASIH P9A,2026-01,4,0,0
T509,D'MUTIARA RESIDENCE,2026-01,8,0,0
T509,DATARAN PAHLAWAN,2026-01,5,0,0
T509,HENTIAN WISMA PUTRA,2026-01,7,0,0
T509,JAMBATAN SERI WAWASAN P2,2026-01,4,0,0
T509,KOMERSIAL PRESINT 16,2026-01,8,0,0
T509,KOMPLEKS KERAJAAN PARCEL D,2026-01,7,0,0
T509,KOMPLEKS KPDNHEP,2026-01,7,0,0
T509,KOMPLEKS PARCEL E (BARAT),2026-01,8,0,0
T509,KOMPLEKS PARCEL E (UTARA),2026-01,9,0,0
T509,KOMPLEKS TAMAN WARISAN,2026-01,1,0,15
T509,MACC,2026-01,2,0,2
T509,MACC (OPP),2026-01,8,0,0
T509,MENARA KPDN,2026-01,5,0,0
T509,MONUMEN MILENIUM (SELATAN),2026-01,4,0,0
T509,PANGSAPURI PUTRA HARMONI P9,2026-01,9,0,0
T509,PERUMAHAN P9 FASA 10,2026-01,4,0,0
T509,PERUMAHAN P9 FASA 11,2026-01,8,0,1
T509,PERUMAHAN P9 FASA 7,2026-01,12,0,0
T509,PERUMAHAN P9 FASA 8 (SELATAN),2026-01,12,0,0
T509,PERUMAHAN P9 FASA 8 (UTARA),2026-01,14,0,0
T509,PPAM SADERI,2026-01,9,0,0
T509,PRESINT 16E RESIDENCE,2026-01,5,0,3
T509,PRESINT 2 (SELATAN),2026-01,9,0,0
T509,SK PUTRAJAYA PRESINT 16 (2),2026-01,6,0,0
T509,SK PUTRAJAYA PRESINT 18,2026-01,6,0,1
T509,SK PUTRAJAYA PRESINT 18 (OPP),2026-01,4,0,3
T509,SK PUTRAJAYA PRESINT 9 (2),2026-01,3,0,1
T509,SUASANA PjH,2026-01,4,0,4
T509,SURAU AR-RAHMAN PRESINT 16 (OPP),2026-01,9,0,0
T509,WISMA PUTRA 2 (SELATAN),2026-01,8,0,0
T509,WISMA PUTRA 2 (UTARA),2026-01,5,0,3
T511,(M1) HERIOT-WATT UNIVERSITY,2026-01,14,0,2
T511,APARTMENT PUTRA HARMONI (SELATAN),2026-01,19,0,0
T511,CENDERAWASIH P9A,2026-01,13,0,0
T511,DATARAN GEMILANG,2026-01,16,0,0
T511,GALERIA PJH,2026-01,31,0,0
T511,ISTANA KEHAKIMAN (SELATAN),2026-01,16,0,0
T511,ISTANA KEHAKIMAN (UTARA),2026-01,17,0,0
T511,JABATAN PENDAFTARAN NEGARA,2026-01,13,0,0
T511,KEMENTERIAN BELIA & SUKAN,2026-01,18,0,0
T511,KEMENTERIAN KEWANGAN,2026-01,17,0,0
T511,KEMENTERIAN PEMBANGUNAN LUAR BANDAR,2026-01,15,0,3
T511,KEMENTERIAN PEMBANGUNAN LUAR BANDAR (OPP),2026-01,1,0,15
T511,KEMENTERIAN PERTANIAN,2026-01,15,0,0
T511,KEMENTERIAN WANITA & MASYARAKAT,2026-01,15,1,0
T511,LEMBAGA PEMBIAYAAN PERUMAHAN (SELATAN),2026-01,15,0,0
T511,LEMBAGA PEMBIAYAAN PERUMAHAN (UTARA),2026-01,11,0,0
T511,MACC,2026-01,9,2,3
T511,MACC (OPP),2026-01,10,0,0
T511,MENARA PERKESO,2026-01,13,0,0
T511,MENARA PERKESO (BARAT),2026-01,10,0,0
T511,MENARA PJH,2026-01,8,0,11
T511,MENARA USAHAWAN,2026-01,16,0,0
T511,MOTOCROSS CIRCUIT,2026-01,9,0,0
T511,MOTOCROSS CIRCUIT (TIMUR),2026-01,10,0,0
T511,PANGSAPURI PUTRA HARMONI P9,2026-01,18,0,0
T511,PERBADANAN PUTRAJAYA (SELATAN),2026-01,10,0,0
T511,PERBADANAN PUTRAJAYA (UTARA),2026-01,13,0,0
T511,PERBENDAHARAAN 2 (SELATAN),2026-01,17,0,0
T511,PERBENDAHARAAN 2 (UTARA),2026-01,7,0,0
T511,PERUMAHAN P9 FASA 10,2026-01,7,0,0
T511,PERUMAHAN P9 FASA 11,2026-01,18,0,1
T511,PERUMAHAN P9 FASA 7,2026-01,28,0,1
T511,PERUMAHAN P9 FASA 8 (SELATAN),2026-01,26,0,0
T511,PERUMAHAN P9 FASA 8 (UTARA),2026-01,28,0,0
T511,PRESINT 5 (BARAT),2026-01,0,0,30
T511,SK PUTRAJAYA PRESINT 9 (2),2026-01,13,0,0
T543,(M1) PPR PINGGIRAN BUKIT JALIL,2026-01,10,0,0
T543,(M2) TAMAN PUNCAK JALIL PUJ 5,2026-01,13,0,0
T543,(M3) TAMAN PUNCAK JALIL,2026-01,8,0,0
T543,AEON MALL TAMAN EQUINE,2026-01,11,2,0
T543,APARTMENT LESTARI PERDANA 7,2026-01,8,0,5
T543,APARTMENT SERI CERIA,2026-01,11,0,0
T543,CONDOMINIUM AKASIA BUKIT JALIL,2026-01,10,0,0
T543,EMERALD HEIGHT PUJ 9 (OPP),2026-01,0,0,8
T543,IMPIANA SKY RESIDENSI,2026-01,8,0,0
T543,IMPIANA SKY RESIDENSI (OPP),2026-01,2,0,9
T543,KINRARA UPTOWN LP 7,2026-01,13,0,0
T543,KOMERSIAL LP 2A,2026-01,14,0,0
T543,KOMERSIAL LP 3,2026-01,4,0,4
T543,KOMERSIAL PUJ 3 (BARAT),2026-01,7,0,0
T543,KOMERSIAL PUJ 3 (UTARA),2026-01,7,0,0
T543,KOMERSIAL PUTRA PERMAI 1A,2026-01,13,0,0
T543,LESTARI MANSIONS LP 6,2026-01,8,0,0
T543,LESTARI PERDANA 5,2026-01,6,0,0
T543,LESTARI PERDANA 8,2026-01,13,0,1
T543,LTAT PPAM PAHLAWAN,2026-01,8,0,0
T543,PANGSAPURI CASA RIANA,2026-01,13,0,0
T543,PANGSAPURI LTAT,2026-01,9,0,3
T543,PANGSAPURI MAYANG,2026-01,7,0,0
T543,PANGSAPURI SRI INDAH BLOK 11,2026-01,14,0,0
T543,PARAGON HEIGHTS,2026-01,9,0,1
T543,PARAGON HEIGHTS (OPP),2026-01,12,0,0
T543,PERUMAHAN LP 2,2026-01,8,0,0
T543,PERUMAHAN PUJ 2,2026-01,10,0,4
T543,PERUMAHAN PUJ 5,2026-01,12,0,0
T543,PERUMAHAN PUJ 6 (BARAT),2026-01,12,0,0
T543,PERUMAHAN PUJ 6 (TIMUR),2026-01,13,0,0
T543,PERUMAHAN PUJ 7/2,2026-01,13,0,0
T543,PERUMAHAN PUJ 7/8,2026-01,13,0,0
T543,PERUMAHAN PUJ 9/1,2026-01,5,2,1
T543,PPR PINGGIRAN BUKIT JALIL,2026-01,10,0,1
T543,PUSAT BANDAR PUTRA PERMAI,2026-01,7,0,0
T543,RESIDENSI AMAN BUKIT JALIL,2026-01,12,0,0
T543,RESIDENSI BINTANG BUKIT JALIL,2026-01,12,0,0
T543,RESIDENSI BUKIT JALIL,2026-01,12,0,0
T543,SJKC BUKIT SERDANG,2026-01,8,0,0
T543,SMK BANDAR PUNCAK JALIL,2026-01,13,0,0
T543,SURAU NURUL IMAN PUJ 9,2026-01,7,0,0
T543,VILLA PERDANA,2026-01,4,0,2
T544,(M1) PANGSAPURI SERI ANGSANA,2026-01,2,0,0
T544,MRT PUTRA PERMAI PINTU B,2026-01,2,0,0
T544,PARAGON 202,2026-01,4,0,0
T544,PARAGON 3 CONDO,2026-01,4,0,0
T544,PERUMAHAN LEP 1/11,2026-01,1,0,0
T544,PERUMAHAN LEP 1/4,2026-01,4,0,0
T544,PERUMAHAN LEP 3,2026-01,3,0,0
T544,PERUMAHAN LEP 4/15,2026-01,3,0,0
T544,PUSAT BANDAR PUTRA PERMAI (OPP),2026-01,0,3,0
T544,SURAU AL-MUSTAQIM LEP 7,2026-01,4,0,0
T544,SURAU SABAS LEP 4,2026-01,4,0,0
T544,TAMAN KOTA PERDANA (BARAT),2026-01,4,0,0
T544,TAMAN KOTA PERDANA (TIMUR),2026-01,3,0,0
T544,TAMAN KOTA PERDANA (UTARA),2026-01,3,0,0
T544,TAMAN KOTA PERDANA 3,2026-01,3,0,0
T544,TAMAN KOTA PERDANA 3 (OPP),2026-01,2,0,0
T544,TAMAN LEP 5 (SELATAN),2026-01,2,0,0
T544,TAMAN LEP 7,2026-01,4,0,0
T545,(M1) PANGSAPURI SERI PELANGI,2026-01,2,0,0
T545,(M2) MASJID PUCHONG PERDANA (OPP),2026-01,1,0,0
T545,(M3) TERMINAL PUCHONG UTAMA,2026-01,2,0,0
T545,BANDAR BUKIT PUCHONG BP1,2026-01,1,0,0
T545,FLAT PUCHONG INDAH,2026-01,0,0,2
T545,LAKEHAVEN HOMES,2026-01,1,0,1
T545,LAKEVIEW HOMES,2026-01,1,0,0
T545,LRT PUCHONG PERDANA,2026-01,2,0,0
T545,PERUMAHAN TASIK PRIMA 3,2026-01,0,0,1
T545,PUCHONG UTAMA 1 (PRESINT10),2026-01,0,0,2
T545,PUCHONG UTAMA COURT 2,2026-01,2,0,0
T545,SK PUCHONG UTAMA 1,2026-01,1,0,0
T545,TAMAN PUCHONG UTAMA 10 (BARAT),2026-01,2,0,0
T545,TAMAN PUCHONG UTAMA 12,2026-01,1,0,0
T545,TAMAN PUCHONG UTAMA COURT 2,2026-01,1,0,0
T545,VISTA MILLENNIUM,2026-01,2,0,0
T559,(M1) TERMINAL BERSEPADU SELATAN (TBS),2026-01,7,0,4
T559,CENTRAL RESIDENCES,2026-01,13,0,0
T559,KG. MALAYSIA RAYA,2026-01,7,0,0
T559,KG. MALAYSIA TAMBAHAN,2026-01,11,0,0
T559,KOMERSIAL TAMAN SALAK SELATAN,2026-01,4,0,9
T559,MRT/LRT SUNGAI BESI,2026-01,9,0,0
T559,PANGSAPURI PERMAI,2026-01,7,0,4
T559,PUSAT INDUSTRI CAPITAL,2026-01,14,0,0
T559,TAMAN CASTLEFIELD,2026-01,12,0,0
T559,TAMAN CASTLEFIELD  (SELATAN),2026-01,9,0,0
T559,TAMAN CASTLEFIELD  (UTARA),2026-01,9,2,0
T560,(M1) S.K DESA TASIK,2026-01,23,0,0
T560,APARTMENT DESA TASIK FASA 1A,2026-01,25,0,0
T560,BOMBA SG. BESI,2026-01,10,0,0
T560,FLAT DESA TASIK FASA 6A (BLOK 2),2026-01,20,1,0
T560,KOMERSIAL BANDAR TASIK SELATAN,2026-01,3,0,16
T560,KOMERSIAL DESA TASIK (SELATAN),2026-01,15,0,0
T560,KOMERSIAL DESA TASIK (UTARA),2026-01,20,1,0
T560,PERUMAHAN PDRM DESA TASIK (PINTU 1),2026-01,16,0,0
T560,PERUMAHAN PDRM DESA TASIK (PINTU 2),2026-01,21,0,0
T560,PERUMAHAN TASIK SELATAN 16,2026-01,17,0,0
T560,PERUMAHAN TASIK SELATAN 29,2026-01,21,0,0
T560,S.R.A AL-SYAKIRIN (OPP),2026-01,23,0,0
T560,TASIK HEIGHTS APARTMENT (OPP),2026-01,18,0,0
T561,(M1) LAMAN SERDANG,2026-01,9,0,0
T561,32 AVENUE BUKIT SERDANG,2026-01,9,0,1
T561,APARTMENT VISTA SERDANG,2026-01,10,0,0
T561,APARTMENT VISTA SERDANG (OPP),2026-01,8,0,2
T561,FLAT BUKIT SERDANG,2026-01,8,0,0
T561,KOMERSIAL BS 10,2026-01,10,0,0
T561,MEGARIA APARTMENT,2026-01,10,0,0
T561,PANGSAPURI ORKID (OPP),2026-01,10,0,0
T561,PERINDUSTRIAN BUKIT SERDANG (BARAT),2026-01,10,0,0
T561,PERINDUSTRIAN BUKIT SERDANG (TIMUR),2026-01,10,0,0
T561,PERINDUSTRIAN SERDANG RAYA 7,2026-01,10,0,0
T561,PERUMAHAN BS 10,2026-01,9,0,1
T561,PERUMAHAN BS 11,2026-01,10,0,0
T561,PERUMAHAN BS 9,2026-01,8,0,2
T561,PERUMAHAN BUKIT SERDANG 10,2026-01,10,0,0
T561,PUSAT HEMODIALISIS SERDANG RAYA,2026-01,9,1,0
T561,SR COURT APARTMENT,2026-01,8,0,0
T561,THE SANDERSON,2026-01,10,0,0
T561,VILLA PARK CONDOMINIUM,2026-01,10,0,0
T565,(M1) SHELL TAMING JAYA,2026-01,6,0,1
T565,CLOUDTREE RESIDENCE,2026-01,12,0,0
T565,FLAT LAMA SUNGAI BESI INDAH (OPP),2026-01,13,0,0
T565,FLAT TAMAN MUHIBBAH BLOK A,2026-01,6,0,1
T565,FLAT TMN HARMONI INDAH,2026-01,9,0,0
T565,JUTA MINES CONDOMINIUM,2026-01,7,0,2
T565,KG. BARU SERI KEMBANGAN,2026-01,14,0,0
T565,KLINIK KESIHATAN SRI KEMBANGAN,2026-01,5,0,3
T565,KOMERSIAL BUKIT BELIMBING,2026-01,12,0,0
T565,KOMERSIAL BUKIT BELIMBING (BARAT),2026-01,12,0,0
T565,KOMERSIAL BUKIT BELIMBING (TIMUR),2026-01,8,0,1
T565,KOMERSIAL TAMAN SG. BESI INDAH,2026-01,14,0,0
T565,PANGSAPURI CEMPAKA,2026-01,12,0,0
T565,PANGSAPURI JUARA SURIA,2026-01,12,0,0
T565,PASAR SERI KEMBANGAN,2026-01,14,0,0
T565,PERUMAHAN BUKIT BELIMBING,2026-01,9,0,0
T565,PERUMAHAN JUARA JAYA,2026-01,11,0,0
T565,PERUMAHAN SB INDAH 1 (OPP),2026-01,12,0,0
T565,PUSAT KOMUNITI RAKYAT (JKP ZON 24),2026-01,13,0,0
T565,S.K. TAMAN SG BESI INDAH,2026-01,7,0,2
T565,SOUTH CITY PLAZA (OPP),2026-01,6,0,0
T565,SOUTH CITY PLAZA (SELATAN),2026-01,11,2,0
T565,TAMAN BUKIT BELIMBING (UTARA),2026-01,12,0,0
T565,TAMAN MUHIBBAH (SELATAN),2026-01,9,0,0
T565,TAMAN MUHIBBAH (UTARA),2026-01,6,0,0
T565,TAMAN TAMING JAYA,2026-01,9,0,0
T565,THE MINES,2026-01,13,0,1
T565,THE MINES (OPP),2026-01,9,0,0
T566,(M1) OLIVE HILL BUSINESS PARK,2026-01,6,0,15
T566,AMAN HEIGHTS CONDOMINIUM,2026-01,18,0,0
T566,APARTMENT EXCELSA,2026-01,17,0,0
T566,CAHAYA VILLA,2026-01,19,0,0
T566,FLAT TAMAN BUKIT SERDANG,2026-01,21,0,0
T566,KOMERSIAL TAMAN BUKIT SERDANG,2026-01,21,0,0
T566,PANGSAPURI SERI PINANG,2026-01,20,0,0
T566,PANGSAPURI SERI PINANG (OPP),2026-01,20,0,0
T566,PERSIMPANGAN BS 5/2,2026-01,21,0,0
T566,PERSIMPANGAN BS 6/16,2026-01,20,0,0
T566,PERSIMPANGAN BS 6/16 (OPP),2026-01,21,0,0
T566,PERSIMPANGAN BS 6/9,2026-01,42,0,0
T566,PERSIMPANGAN INDAH 1/15,2026-01,17,0,0
T566,PERUMAHAN BUKIT SERDANG 5,2026-01,39,0,0
T566,PERUMAHAN INDAH 1/3,2026-01,20,0,0
T566,S.K. TAMAN UNIVERSITI,2026-01,14,3,4
T566,S.R.A. TAMAN UNIVERSITI INDAH,2026-01,20,0,0
T566,SJ814 PUSAT PERDAGANGAN SERI KEMBANGAN,2026-01,20,0,0
T566,SPORTS ARENA BUKIT SERDANG,2026-01,17,0,0
T566,TAMAN UNIVERSITI INDAH (TIMUR),2026-01,12,0,0
T567,(M1) KOLEJ KEDIAMAN 11 UPM,2026-01,7,0,6
T567,FAKULTI KEJURUTERAAN PINTU A,2026-01,12,0,3
T567,FLAT SRI SERDANG BLOK 4 (FLAT IKAN),2026-01,7,0,0
T567,KAFA INTEGRASI MANBAUL 'ULUM,2026-01,10,0,0
T567,KAWASAN INDUSTRI SRI SERDANG,2026-01,16,0,0
T567,KOMERSIAL SERDANG JAYA,2026-01,15,0,1
T567,KOMERSIAL TAMAN SRI SERDANG,2026-01,10,0,0
T567,KUIL SRI MAHA KALIAMMAN,2026-01,14,1,1
T567,PERUMAHAN SRI SERDANG JLN 18/11,2026-01,10,0,0
T567,SK SRI SERDANG (OPP),2026-01,12,0,0
T567,SMK SERI INDAH (OPP),2026-01,10,0,0
T567,SMK SERI SERDANG (OPP),2026-01,10,0,0
T567,TAMAN SRI SERDANG FASA IV,2026-01,12,0,0
T567,TASIK SERI SERDANG (OPP),2026-01,10,0,0
T567,UNIV360 PLACE,2026-01,16,0,0
T568,(M1) FAKULTI PERTANIAN,2026-01,10,0,0
T568,ASTANA PUTRA UPM,2026-01,12,0,1
T568,CENTRAL PARKING UPM,2026-01,15,0,0
T568,DE CENTRUM MALL/IUKL,2026-01,2,0,9
T568,DEWAN BANKUET UPM,2026-01,2,0,11
T568,DEWAN KOMPLEKS AKADEMIK PUSAT,2026-01,15,0,0
T568,FAKULTI BAHASA MODEN & KOMUNIKASI,2026-01,6,0,0
T568,FAKULTI BIOTEKNOLOGI,2026-01,12,1,1
T568,FAKULTI PENGAJIAN ALAM SEKITAR,2026-01,14,0,0
T568,FAKULTI SAINS,2026-01,6,0,0
T568,FAKULTI SAINS KOMPUTER & TEKNOLOGI MAKLUMAT,2026-01,6,0,0
T568,FARM FRESH @ UPM,2026-01,12,0,2
T568,INSTITUT BIOSAINS,2026-01,5,0,2
T568,KAFETERIA FAKULTI PERTANIAN,2026-01,11,0,1
T568,KOLEJ 14,2026-01,3,0,4
T568,KOLEJ CANSELOR,2026-01,13,0,1
T568,KOLEJ SERUMPUN FOODCOURT,2026-01,11,0,0
T568,KOLEJ TIGA BELAS,2026-01,12,0,0
T568,KOLEJ TUN DR ISMAIL,2026-01,15,0,0
T568,MTDC,2026-01,13,0,0
T568,PERPUSTAKAAN SULTAN ABDUL SAMAD,2026-01,6,0,0
T568,PUSAT KESIHATAN UNIVERSITI,2026-01,14,0,0
T568,PUSAT SUKAN UPM,2026-01,1,0,6
T568,UNITEN,2026-01,8,0,0
T569,(M1) MRT BATU 11 CHERAS PINTU A,2026-01,8,0,1
T569,(M1) SHELL TAMING JAYA,2026-01,1,0,0
T569,CHERAS SELATAN 118,2026-01,7,0,0
T569,JEJANTAS AEON CHERAS SELATAN,2026-01,10,1,0
T569,JEJANTAS KG BARU BALAKONG,2026-01,3,0,0
T569,JEJANTAS TAMAN SRI INDAH,2026-01,5,0,0
T569,JUTA MINES CONDOMINIUM,2026-01,1,0,0
T569,KG. BARU BALAKONG,2026-01,3,0,8
T569,KG. BARU SERI KEMBANGAN,2026-01,8,0,0
T569,KLINIK KERAJAAN SERI KEMBANGAN,2026-01,1,0,0
T569,KLINIK KESIHATAN/TAMAN MUHIBBAH,2026-01,7,0,0
T569,KOMERSIAL DUTAMAS CHERAS,2026-01,9,0,0
T569,KOMERSIAL TAMING JAYA,2026-01,3,0,0
T569,PASAR SERI KEMBANGAN,2026-01,8,0,0
T569,PLAZA KASTURI,2026-01,9,0,0
T569,PLAZA KASTURI (OPP),2026-01,7,1,0
T569,S.K. TAMAN SG BESI INDAH,2026-01,0,0,1
T569,SOUTH CITY PLAZA (OPP),2026-01,1,0,0
T569,SOUTH CITY PLAZA (SELATAN),2026-01,7,1,0
T569,SUSUR CHERAS JAYA,2026-01,4,0,0
T569,SUSUR U-TURN CHERAS JAYA,2026-01,4,0,1
T569,SUSUR U-TURN CHERAS JAYA (OPP),2026-01,9,0,2
T569,SYMPHONY TOWER,2026-01,4,0,0
T569,TAMAN BUKIT BELIMBING,2026-01,10,0,0
T569,TAMAN BUKIT BELIMBING (OPP),2026-01,1,0,0
T569,TAMAN SG BESI INDAH (SELATAN),2026-01,10,0,0
T569,TAMAN TAMING JAYA,2026-01,8,0,6
T569,THE MINES,2026-01,8,0,1
T569,THE MINES (OPP),2026-01,1,0,0
T569,WISMA TANJUNG BALAI (OPP),2026-01,6,0,2
T585,(M1) DESARINA CONDO,2026-01,9,0,0
T585,BALAI BOMBA TAMAN DESA,2026-01,14,0,1
T585,CASA DESA,2026-01,10,0,0
T585,CHANGKAT DESA,2026-01,11,0,0
T585,DANAU IDAMAN CONDO,2026-01,13,0,0
T585,DANAU PERMAI CONDO,2026-01,11,0,0
T585,DANAU VILLA,2026-01,11,0,0
T585,FABER HEIGHTS (OPP),2026-01,10,0,0
T585,ILP KUALA LUMPUR,2026-01,7,0,0
T585,ILP KUALA LUMPUR (OPP),2026-01,10,1,3
T585,PANGSAPURI TERATAK MUHIBBAH,2026-01,14,0,1
T585,PASAR BATU 41/2 JLN KLANG LAMA,2026-01,10,0,0
T585,PERUMAHAN TAMAN DESA,2026-01,10,0,0
T585,SCOTT GARDEN,2026-01,12,3,0
T585,SCOTT GARDEN (OPP),2026-01,10,0,0
T585,SJK(C) CHOONG WEN,2026-01,10,0,0
T585,SK SERI SETIA,2026-01,9,0,0
T585,SK SERI SETIA (OPP),2026-01,13,0,0
T585,SMK DESA PERDANA (OPP),2026-01,11,0,0
T585,SMK SERI SENTOSA,2026-01,9,0,0
T585,SMK SERI SENTOSA (OPP),2026-01,14,0,0
T585,TAMAN BUKIT DESA (SELATAN),2026-01,10,0,0
T585,TAMAN DESA MEDICAL CENTRE,2026-01,10,0,0
T585,TAMAN GOODWOOD,2026-01,13,1,0
T585,TAMAN LIAN HOE (OPP),2026-01,12,3,0
T585,TAMAN LIEN HOE,2026-01,10,0,0
T585,WISMA TM TAMAN DESA,2026-01,10,0,0
T586,(M1) TAMAN YARL (TIMUR),2026-01,17,0,0
T586,APARTMENT ONE MESRARIA,2026-01,19,0,0
T586,FLAT TAMAN GEMBIRA,2026-01,18,0,0
T586,GEMBIRA RESIDEN,2026-01,14,0,0
T586,KOMERSIAL KUCHAI MAJU 14,2026-01,12,0,6
T586,KUCHAI BUSINESS PARK,2026-01,18,0,0
T586,KUCHAI DYNASTY CENTRE,2026-01,13,0,0
T586,PERSIMPANGAN HUJAN EMAS 5,2026-01,16,0,0
T586,PERUMAHAN HUJAN EMAS,2026-01,16,0,0
T586,PERUMAHAN JIRAN,2026-01,18,0,0
T586,PERUMAHAN MANISAN,2026-01,16,0,0
T586,PUSAT PENJAJA TAMAN GEMBIRA,2026-01,15,0,0
T586,SELESA APARTMENT,2026-01,11,0,0
T586,SERI GEMBIRA AVENUE,2026-01,13,0,0
T586,SK SERI MEGA,2026-01,8,0,8
T586,SRI DESA CONDOMINIUM,2026-01,13,0,0
T586,SRI DESA CONDOMINIUM (OPP),2026-01,18,0,0
T586,TAMAN OUG (BARAT),2026-01,17,0,0
T586,TAMAN SERANGKAI,2026-01,14,0,0
T586,THE RIYANG HAPPY GARDEN,2026-01,13,0,0
T586,ZON N. BBSP (UTARA),2026-01,13,0,0
T586,ZON P1. BBSP,2026-01,15,0,0
T587,(M1) DESA PETALING (UTARA),2026-01,12,0,0
T587,DEWAN KG BARU SALAK SELATAN,2026-01,14,0,0
T587,KG BARU SALAK SELATAN (SELATAN),2026-01,11,0,2
T587,KG BARU SALAK SELATAN (TENGAH),2026-01,14,0,0
T587,KG BARU SALAK SELATAN (TIMUR),2026-01,14,0,0
T587,KLINIK KESIHATAN SALAK SELATAN,2026-01,19,0,0
T587,KOMERSIAL TAMAN SG BESI,2026-01,22,0,0
T587,MEGAN SALAK PARK (OPP),2026-01,13,0,0
T587,MIDFIELDS 2 CONDO,2026-01,23,0,0
T587,MIDFIELDS SQUARE,2026-01,47,0,0
T587,PASAR & PUSAT PENJAJA SALAK SELATAN,2026-01,13,0,0
T587,PLAZA SG BESI,2026-01,14,2,4
T587,RESIDENSI VYNE,2026-01,21,0,0
T587,TAMAN SALAK JAYA (OPP),2026-01,21,1,0
T587,VANTAGE POINT (OPP),2026-01,13,0,0
T588,(M1) PLAZA OUG,2026-01,17,0,0
T588,ILP KUALA LUMPUR,2026-01,15,0,0
T588,ILP KUALA LUMPUR (OPP),2026-01,16,0,4
T588,KOMPLEKS BANDAR OUG,2026-01,18,0,1
T588,PEARL SURIA,2026-01,18,0,0
T588,PLAZA PRIMA,2026-01,17,0,0
T588,SK SERI SETIA,2026-01,16,0,0
T588,SK SERI SETIA (OPP),2026-01,20,0,0
T588,SMK SERI SENTOSA,2026-01,16,1,0
T588,SMK SERI SENTOSA (OPP),2026-01,20,0,0
T588,TAMAN CONTINENTAL (TENGAH),2026-01,17,0,0
T588,TAMAN CONTINENTAL (UTARA),2026-01,17,0,0
T588,TAMAN GEMBIRA (SELATAN),2026-01,14,0,5
T588,TAMAN GEMBIRA (UTARA),2026-01,18,0,0
T588,TAMAN GOODWOOD,2026-01,18,1,0
T588,TAMAN LIAN HOE (OPP),2026-01,17,2,0
T588,TAMAN SKYLINE,2026-01,10,0,0
T588,TAMAN UNITED,2026-01,7,0,11
T589,(M1) PERUMAHAN ZONE N 149K (UTARA),2026-01,5,0,0
T589,8 PETALING CONDO,2026-01,5,0,0
T589,8TH & STELLAR,2026-01,8,0,2
T589,APARTMENT VILLA MEWAH,2026-01,8,0,0
T589,BANDAR BARU SRI PETALING (BARAT),2026-01,5,0,0
T589,CANAAN CHURCH,2026-01,8,0,0
T589,ENDAH PARADE,2026-01,7,0,0
T589,ENDAH PROMENADE CONDO,2026-01,7,0,0
T589,ENDAH RIA CONDO,2026-01,6,0,0
T589,FLAT SALAK SOUTH,2026-01,1,0,7
T589,KOMERSIAL BANDAR BARU SRI PETALING (OPP),2026-01,6,0,0
T589,KOMERSIAL RADIN ANUM,2026-01,4,0,0
T589,PERUMAHAN 149J (OPP),2026-01,4,0,0
T589,PERUMAHAN MERAH SILU,2026-01,4,0,0
T589,PERUMAHAN ZONE N 149K (SELATAN),2026-01,4,0,0
T589,SMK BANDAR BARU SERI PETALING,2026-01,5,0,0
T589,SMK SERI SAUJANA,2026-01,5,0,0
T589,SRI PETALING (TIMUR),2026-01,6,0,0
T589,TAMAN SALAK SELATAN (SELATAN),2026-01,8,0,0
T589,TAMAN SALAK SELATAN (TIMUR),2026-01,9,1,0
T772,(M1) PANGSAPURI MELATI. TAMAN BUKIT SUBANG,2026-01,12,0,0
T772,(M2) PUSAT PERDAGANGAN SUBANG PERMAI,2026-01,17,0,0
T772,(M3) ECONSAVE PEKAN SUBANG (OPP),2026-01,8,0,0
T772,CENDANA APARTMEN. TAMAN BUKIT SUBANG,2026-01,13,0,0
T772,DENAI ALAM (TIMUR),2026-01,13,1,12
T772,DESA SUBANG PERMAI,2026-01,4,0,19
T772,E-BOULEVARD. DENAI ALAM,2026-01,24,2,1
T772,KG BARU SUBANG (UTARA),2026-01,23,0,1
T772,KG MELAYU SUBANG,2026-01,8,0,0
T772,KG MELAYU SUBANG (SELATAN),2026-01,18,0,0
T772,KOMERSIAL DENAI ALAM (TIMUR),2026-01,10,0,0
T772,KOMERSIAL SUBANG PERDANA,2026-01,10,0,15
T772,KOMERSIAL SUBANG PERDANA (BARAT),2026-01,8,0,0
T772,KOMERSIAL SUBANG PERDANA (SELATAN),2026-01,7,0,0
T772,KWASA LAND (RRI) (BARAT),2026-01,13,2,1
T772,KWASA LAND (RRI) (TIMUR),2026-01,5,1,1
T772,PANGSAPURI LILI. TAMAN BUKIT SUBANG,2026-01,11,0,0
T772,PANGSAPURI TERATAI. TAMAN BUKIT SUBANG,2026-01,12,0,0
T772,PEKAN BARU SUBANG,2026-01,16,0,9
T772,PETRONAS BUKIT SUBANG U16,2026-01,13,0,0
T772,PUSAT PERDAGANGAN SUBANG PERMAI,2026-01,7,0,1
T772,SPG JALAN 2D. KG BARU SUBANG,2026-01,18,0,0
T772,TAMAN BUKIT SUBANG (TIMUR),2026-01,11,0,0
T772,TAMAN SUBANG PERDANA (SELATAN),2026-01,18,0,0
T772,TULIP RESIDENCES,2026-01,15,1,0
T801,(M1) PERUMAHAN RIMBA RIANG 9/4,2026-01,6,0,0
T801,BESTARI DE KOTA (SELATAN),2026-01,10,2,0
T801,BESTARI DE KOTA (TIMUR),2026-01,7,1,0
T801,KASTURI IDAMAN,2026-01,11,0,0
T801,KOMERSIAL  PEKAKA,2026-01,11,0,0
T801,KOMERSIAL NURI 7A,2026-01,12,0,0
T801,KOMERSIAL SEK 6 (BARAT),2026-01,6,0,0
T801,KOMERSIAL SEK 6 (TIMUR),2026-01,7,0,1
T801,KOMPLEKS MUHIBBAH (BARAT),2026-01,5,0,0
T801,MAHOGANY RESIDENCES,2026-01,6,0,0
T801,PANGSAPURI CEMPAKA SEK 6,2026-01,5,0,0
T801,PANGSAPURI IXORA,2026-01,4,0,0
T801,PANGSAPURI KASIA,2026-01,10,0,0
T801,PANGSAPURI TANJUNG SEK 6,2026-01,6,0,0
T801,PERUMAHAN JLN NURI,2026-01,11,0,0
T801,PERUMAHAN PEKAKA 8/16,2026-01,6,0,0
T801,PERUMAHAN PEKAKA 8/1B,2026-01,6,0,0
T801,S.M.K SEKSYEN 10 KOTA DAMANSARA,2026-01,3,0,0
T801,S.M.K SEKSYEN 8 KOTA DAMANSARA (OPP),2026-01,10,0,0
T801,SUNWAY D'HILL RESIDENCES,2026-01,6,0,0
T801,SURAU AL-FALAH SEK 6,2026-01,8,0,0
T801,SURAU AL-ULUM. SEK. 9,2026-01,9,0,0
T801,TAMAN INDUSTRI SG BULOH (TIMUR),2026-01,9,3,0
T801,TAMAN INDUSTRI SG BULOH (UTARA),2026-01,2,0,0
T802,(M1) HAB SUBANG SURIA,2026-01,16,0,0
T802,DEWAN BUNGA MATAHARI U5,2026-01,14,0,0
T802,DEWAN BUNGA MATAHARI U5 (OPP),2026-01,12,0,0
T802,HELP UNIVERSITY,2026-01,17,0,0
T802,KOMERSIAL APOLLO U5/189 (TIMUR),2026-01,17,0,0
T802,KOMERSIAL APOLLO U5/192 (SELATAN),2026-01,14,0,0
T802,KOMERSIAL APOLLO U5/192 (UTARA),2026-01,20,0,0
T802,KOMERSIAL BULAN  U5/J (UTARA),2026-01,18,0,0
T802,KOMERSIAL BULAN U5/164 (SELATAN),2026-01,3,0,14
T802,KOMERSIAL BULAN U5/164 (UTARA),2026-01,16,0,0
T802,KOMERSIAL BULAN U5/J (SELATAN),2026-01,7,10,0
T802,KOMPLEKS SURAU DARUS SALIM,2026-01,12,4,1
T802,KORMERSIAL SUBANG BESTARI,2026-01,20,0,0
T802,KWASA LAND (RRI) (BARAT),2026-01,11,0,2
T802,KWASA LAND (RRI) (TIMUR),2026-01,5,0,6
T802,PANGSAPURI MENTARI,2026-01,18,0,1
T802,PANGSAPURI MUTIARA SUBANG,2026-01,16,0,0
T802,PANGSAPURI MUTIARA SUBANG (OPP),2026-01,15,2,0
T802,PANGSAPURI OPAL,2026-01,16,0,0
T802,PANGSAPURI SERI BINTANG,2026-01,16,1,0
T802,PANGSAPURI SERI BINTANG (OPP),2026-01,18,0,0
T802,PANGSAPURI SRI GALAXY (SELATAN),2026-01,15,2,0
T802,PANGSAPURI SRI GALAXY (UTARA),2026-01,16,0,0
T802,PANGSAPURI UTARID SUBANG,2026-01,12,0,0
T802,PDG APOLLO U5/189,2026-01,17,0,0
T802,PERUMAHAN MUTIARA SUBANG (OPP),2026-01,16,0,0
T802,PERUMAHAN NOVA U5/75,2026-01,17,0,0
T802,PERUMAHAN NOVA U5/75 (OPP),2026-01,20,0,0
T802,PERUMAHAN SUBANG BESTARI,2026-01,20,0,0
T802,PETRONAS SEKSYEN U3,2026-01,11,0,0
T802,PUSAT KOMERSIAL STAR AVENUE,2026-01,8,0,7
T802,S.K SUBANG BESTARI (2),2026-01,20,0,0
T802,S.K SUBANG BESTARI (2) (OPP),2026-01,9,0,0
T802,SUBANG 2 (SELATAN),2026-01,16,0,0
T802,SUBANG 2 (UTARA),2026-01,20,0,0
T802,SUBANG IDAMAN (SELATAN),2026-01,20,0,0
T802,SUBANG IDAMAN (UTARA),2026-01,18,0,0
T802,SURAU AL RAUDHAH. TMN NUSA SUBANG,2026-01,19,0,0
T803,(M1) HAB SUBANG SURIA,2026-01,7,0,0
T803,APARTMENT JASMIN (OPP),2026-01,7,0,0
T803,KOMERSIAL APOLLO U5/192 (SELATAN),2026-01,4,0,0
T803,KOMERSIAL BULAN  U5/J (UTARA),2026-01,6,0,0
T803,KOMERSIAL BULAN U5/164 (SELATAN),2026-01,7,0,0
T803,KOMERSIAL BULAN U5/164 (UTARA),2026-01,6,0,0
T803,KOMERSIAL BULAN U5/J (SELATAN),2026-01,3,0,0
T803,KOMERSIAL MUTIARA SUBANG,2026-01,6,2,0
T803,KOMERSIAL MUTIARA SUBANG (OPP),2026-01,8,0,0
T803,KOMERSIAL SUBANG IMPIAN,2026-01,6,0,0
T803,KOMERSIAL SUBANG PELANGI (UTARA),2026-01,5,0,0
T803,KOMERSIAL SUBANG PERDANA,2026-01,6,1,7
T803,KOMERSIAL SUBANG PERDANA (BARAT),2026-01,7,0,0
T803,KOMERSIAL SUBANG PERDANA (SELATAN),2026-01,3,0,0
T803,KWASA LAND (RRI) (BARAT),2026-01,5,1,1
T803,KWASA LAND (RRI) (TIMUR),2026-01,7,0,0
T803,PANGSAPURI MENTARI,2026-01,7,0,0
T803,PANGSAPURI MERAK,2026-01,7,2,0
T803,PANGSAPURI MERAK (OPP),2026-01,4,0,0
T803,PANGSAPURI OPAL,2026-01,5,0,0
T803,PANGSAPURI SRI PELANGI,2026-01,4,0,0
T803,PANGSAPURI SUBANG PERDANA,2026-01,7,0,0
T803,PANGSAPURI UTARID SUBANG,2026-01,6,0,0
T803,PASAR MALAM JLN UTARID (OPP),2026-01,5,0,0
T803,PDG APOLLO U5/189,2026-01,7,0,0
T803,PERUMAHAN JALAN NOVA U5/206,2026-01,5,0,3
T803,PERUMAHAN JALAN NOVA U5/91,2026-01,3,0,0
T803,PERUMAHAN LAMAN PERMAI U5 (SELATAN),2026-01,8,0,0
T803,PERUMAHAN LAMAN PERMAI U5 (UTARA),2026-01,7,0,0
T803,PERUMAHAN MUTIARA SUBANG (OPP),2026-01,8,0,0
T803,PERUMAHAN NOVA U5/57,2026-01,8,0,0
T803,PERUMAHAN SUBANG GALAKSI,2026-01,6,0,0
T803,PERUMAHAN SUBANG PERDANA (UTARA),2026-01,6,0,1
T803,S.M.K SUBANG BESTARI,2026-01,8,0,0
T803,S.M.K SUBANG BESTARI (OPP),2026-01,7,0,0
T803,SEK. KEB. SUBANG BESTARI (BARAT),2026-01,6,0,0
T803,SEK. KEB. SUBANG BESTARI (TIMUR),2026-01,7,0,0
T803,SUBANG 2 (SELATAN),2026-01,5,0,0
T803,SUBANG IDAMAN (UTARA),2026-01,7,0,0
T803,SURAU AL RAUDHAH. TMN NUSA SUBANG,2026-01,7,0,0
T803,TAMAN DESA SUBANG,2026-01,4,0,1
T803,TAMAN DESA SUBANG (OPP),2026-01,9,0,0
T803,TAMAN SUBANG PERDANA (SELATAN),2026-01,7,0,1
T804,(M1) MAS HQ,2026-01,2,0,0
T804,AEROTREE,2026-01,1,0,0
T804,AIRBUS HELICOPTERS,2026-01,2,0,0
T804,GALAXY AEROSPACE,2026-01,3,0,0
T804,GALERI PERABOT,2026-01,1,0,0
T804,KOMERSIAL SUBANG PERDANA (BARAT),2026-01,5,0,0
T804,KOMERSIAL SUBANG PERDANA (SELATAN),2026-01,1,0,0
T804,KOMPLEKS SURAU DARUS SALIM,2026-01,6,0,0
T804,KWASA LAND (RRI) (BARAT),2026-01,4,1,0
T804,KWASA LAND (RRI) (TIMUR),2026-01,0,1,0
T804,MASJID SUBANG AIRPORT (OPP),2026-01,3,0,0
T804,PANGSAPURI SUBANG PERDANA,2026-01,4,0,0
T804,PERUMAHAN SUBANG PERDANA (UTARA),2026-01,3,0,2
T804,PETRONAS SEKSYEN U3,2026-01,5,0,0
T804,PETRONAS SUBANG AIRPORT,2026-01,3,0,0
T804,SUBANG AIRPORT,2026-01,1,0,0
T804,SUBANG SKYPARK TERMINAL (OPP),2026-01,2,1,0
T804,U5 (BARAT),2026-01,5,0,0
T804,U5 (SELATAN),2026-01,4,0,0
T804,WESTSTAR,2026-01,1,0,0
T805,(M1) APT SEMARAK BLOCK 3,2026-01,7,0,9
T805,APT CARLINA (SELATAN),2026-01,17,1,0
T805,APT CARMILA (UTARA),2026-01,19,0,0
T805,APT SIANTAN (BARAT),2026-01,18,0,0
T805,APT SIANTAN (TIMUR),2026-01,19,0,0
T805,D'SHIRE VILLA,2026-01,14,0,0
T805,EMPORIS KOTA DAMANSARA,2026-01,21,4,0
T805,JEJANTAS APT SEROJA,2026-01,5,0,13
T805,KOMERSIAL SEPAH PUTERI 5/1B,2026-01,17,0,0
T805,KOMPLEKS MUHIBBAH (BARAT),2026-01,25,0,0
T805,MASJID KOTA DAMANSARA,2026-01,19,0,0
T805,PERSIMPANGAN SEPAH PUTERI 5/2,2026-01,18,1,0
T805,SEK RENDAH AGAMA SEKSYEN 5,2026-01,18,0,0
T805,SELANGOR SCIENCE PARK,2026-01,24,0,0
T805,SM SRI KDU,2026-01,24,0,0
T805,SMK SEK 4 KD,2026-01,15,0,0
T805,SUNSURIA TECHNOLOGY CENTRE (BARAT),2026-01,25,0,0
T805,SUNSURIA TECHNOLOGY CENTRE (UTARA),2026-01,25,0,0
T807,ARA GREENS RESIDENCES,2026-01,38,0,0
T807,ARA PERMATA,2026-01,36,0,0
T807,ARA PUTRA (OPP),2026-01,23,0,0
T807,ARA VISTA,2026-01,32,0,0
T807,BALAI POLIS ARA DAMANSARA,2026-01,37,1,0
T807,CASA TROPICANA,2026-01,35,0,0
T807,CITA DAMANSARA,2026-01,34,0,0
T807,DAMANSARA IDAMAN,2026-01,33,0,0
T807,DAMANSARA LAGENDA,2026-01,38,2,0
T807,DAMANSARA LAGENDA (OPP),2026-01,31,0,0
T807,IDAMAN VILLAS,2026-01,39,0,0
T807,LRT LEMBAH SUBANG,2026-01,16,0,21
T807,MAISSON CONDO,2026-01,31,0,0
T807,MAYA GREEN RESIDENCE,2026-01,38,0,0
T807,MENARA LIEN HOE,2026-01,39,0,0
T807,PUSAT DAGANGAN NZX,2026-01,20,0,2
T807,ST JOSEPH'S INSTITUTION,2026-01,36,0,2
T807,SUNWAY SUTERA,2026-01,34,0,0
T807,TAIPAN 1,2026-01,35,0,0
T807,TAIPAN 1 (OPP),2026-01,38,0,0
T807,TROPICANA AVENUE,2026-01,39,1,0
T807,TROPICANA GOLF CLUB,2026-01,35,0,1
T807,TROPICANA GRANDE,2026-01,33,1,0
T807,WHINCHESTER (OPP),2026-01,25,13,0
T807,WINCHESTER,2026-01,28,2,0
T808,(M1) D'VILLA AVENUE,2026-01,22,0,0
T808,AEON BIG KD,2026-01,23,0,0
T808,DATARAN SUNWAY BARAT,2026-01,21,0,0
T808,DATARAN SUNWAY TIMUR,2026-01,21,1,1
T808,PANGSAPURI DEDAP BLOK 1,2026-01,21,0,0
T808,PANGSAPURI DEDAP BLOK 10,2026-01,23,1,0
T808,SRK SEKSYEN 11,2026-01,22,0,0
T808,THE STRAND BARAT,2026-01,23,0,0
T808,THE STRAND TIMUR,2026-01,14,0,10
T809,(M1) TESCO MUTIARA DAMANSARA,2026-01,12,3,0
T809,1 UTAMA,2026-01,8,0,0
T809,1 UTAMA - LDP,2026-01,8,0,0
T809,1 UTAMA BUS TERMINAL,2026-01,8,0,0
T809,ARMANEE TERRACE,2026-01,16,0,0
T809,DERET KEDAI PJU 7/7A,2026-01,20,0,0
T809,DESA MUTIARA,2026-01,16,0,0
T809,IKEA (BARAT),2026-01,2,0,5
T809,KOMERSIAL PJU 7/16,2026-01,20,0,0
T809,KOMERSIAL PJU 8,2026-01,24,0,0
T809,METROPOLITAN SQUARE,2026-01,18,0,2
T809,MRT MUTIARA DAMANSARA PINTU B,2026-01,11,0,2
T809,NEO DAMANSARA,2026-01,18,0,1
T809,NEO DAMANSARA (OPP),2026-01,22,0,2
T809,OASIS BANDAR UTAMA,2026-01,7,1,0
T809,PERDANA EXCLUSIVE CONDO,2026-01,23,0,0
T809,PERDANA SHOPPING CENTRE,2026-01,21,0,0
T809,RITZE PERDANA 2,2026-01,25,0,0
T809,SURIAN RESIDENCES,2026-01,22,0,0
T810,(M1) PJ TRADE CENTRE,2026-01,47,0,2
T810,(M1) TESCO MUTIARA DAMANSARA,2026-01,42,3,0
T810,BUKIT LANJAN (SELATAN),2026-01,48,0,0
T810,BUKIT LANJAN (UTARA),2026-01,48,1,0
T810,D'VINE RESIDENCES,2026-01,44,0,4
T810,EMPIRE CITY,2026-01,3,0,46
T810,EMPIRE DAMANSARA,2026-01,49,0,0
T810,IKEA (TIMUR),2026-01,43,2,0
T810,NEO DAMANSARA,2026-01,44,5,0
T811,(M1) MUTIARA TROPICANA (2),2026-01,18,0,0
T811,1POWERHOUSE (OPP),2026-01,18,0,1
T811,ASRAMA TROPICANA,2026-01,18,0,0
T811,BAYU PUTERI APARTMENT,2026-01,20,0,0
T811,CENTRE POINT BANDAR UTAMA,2026-01,20,0,0
T811,KOMERSIAL MUTIARA TROPICANA,2026-01,19,0,0
T811,KUARTERS GURU BANDAR UTAMA,2026-01,15,0,5
T811,MASJID BANDAR UTAMA,2026-01,19,0,0
T811,MASJID BANDAR UTAMA (OPP),2026-01,18,0,0
T811,MASJID KAYU ARA,2026-01,5,0,14
T811,MERCHANT SQUARE,2026-01,19,0,0
T811,MUTIARA TROPICANA (1),2026-01,20,0,0
T811,PANGSAPURI PELANGI,2026-01,19,0,0
T811,PERUMAHAN BU 11/1,2026-01,18,0,0
T811,PERUMAHAN BU 11/12,2026-01,18,0,1
T811,PERUMAHAN BU 11/7,2026-01,19,0,0
T811,PERUMAHAN BU 12/7,2026-01,20,0,0
T811,SK BANDAR UTAMA DAMANSARA 2,2026-01,19,0,0
T811,SMK BANDAR UTAMA BARAT,2026-01,19,0,0
T811,SMK BANDAR UTAMA DAMANSARA 2,2026-01,20,0,0
T811,SMK BANDAR UTAMA UTARA,2026-01,19,0,0
T811,SMK TROPICANA,2026-01,19,0,0
T811,WESTPOINT,2026-01,19,0,0
T812,(M1) VILLA FLORA CONDO,2026-01,16,0,0
T812,1POWERHOUSE (OPP),2026-01,9,1,0
T812,FIRST AVENUE,2026-01,3,0,8
T812,KG SG PENCHALA (1),2026-01,15,0,0
T812,KG SG PENCHALA (2),2026-01,15,0,0
T812,KG SG PENCHALA (3),2026-01,14,0,0
T812,KIARA PARK CONDO,2026-01,16,0,0
T812,KOMERSIAL BURHANUDDIN (1),2026-01,10,0,5
T812,KOMERSIAL BURHANUDDIN (2),2026-01,16,0,0
T812,MASJID JAMEK KG. SG. PENCHALA,2026-01,15,0,1
T812,MASKIARA RESIDENCES,2026-01,12,0,0
T812,PETRONAS SG. PENCHALA,2026-01,13,0,0
T813,(M1) JEJANTAS SPRINT SS 21 TIMUR,2026-01,50,0,0
T813,ATRIA,2026-01,41,0,1
T813,JEJANTAS LDP SS 20 SELATAN,2026-01,37,0,0
T813,JEJANTAS LDP SS 21 UTARA,2026-01,27,0,0
T813,JEJANTAS SPRINT SS 22 BARAT,2026-01,26,0,9
T813,KDU,2026-01,44,3,0
T813,KOMERSIAL SS 21/1A,2026-01,49,0,0
T813,KOMERSIAL SS 21/56B,2026-01,50,0,0
T813,POS DAMANSARA JAYA,2026-01,47,0,0
T813,SMK DAMANSARA JAYA (OPP),2026-01,47,1,0
T813,SMK DAMANSARA UTAMA,2026-01,44,4,2
T813,TROPICANA MALL,2026-01,43,0,0
T814,(M1) PERUMAHAN BURHANUDDIN HELMI 2 (SELATAN),2026-01,18,0,0
T814,KOMERSIAL TUN FUAD (2),2026-01,16,1,0
T814,KOMERSIAL TUN FUAD (3),2026-01,17,0,0
T814,KOMERSIAL WAN KADIR,2026-01,15,0,0
T814,MASJID AT-TAQWA,2026-01,16,0,0
T814,PERUMAHAN ABANG HJ OPENG,2026-01,15,0,0
T814,PERUMAHAN BURHANUDDIN HELMI 2 (TIMUR),2026-01,16,0,0
T814,PERUMAHAN TTDI,2026-01,18,0,0
T814,PERUMAHAN ZAABA,2026-01,17,0,0
T814,SMK TTDI,2026-01,18,0,0
T814,SPG JLN ATHINAHAPAN 1,2026-01,18,0,0
T814,SPG JLN ATHINAHAPAN 4,2026-01,8,0,10
T814,SPG LORONG BURHANUDDIN HELMI 8,2026-01,17,0,0
T814,TM TTDI (UTARA),2026-01,17,0,0
T814,TTDI (TIMUR),2026-01,18,0,0
T815,(M1) KOLEJ KEDIAMAN KEEMPAT,2026-01,35,0,0
T815,EASTIN HOTEL,2026-01,23,4,4
T815,FAKULTI KEJURUTERAAN (UTARA),2026-01,32,1,0
T815,FAKULTI PENGAJIAN MELAYU,2026-01,33,0,0
T815,FAKULTI PERNIAGAAN DAN PERAKAUNAN,2026-01,38,1,0
T815,FAKULTI SAINS KOMPUTER,2026-01,36,0,0
T815,FAKULTI UNDANG-UNDANG,2026-01,31,3,0
T815,INSTITUT PENGAJIAN SISWAZAH,2026-01,34,4,0
T815,KOLEJ KEDIAMAN KELIMA,2026-01,37,0,0
T815,KOLEJ KEDIAMAN KESEPULUH,2026-01,36,0,0
T815,KOLEJ KEDIAMAN PERTAMA,2026-01,34,0,0
T815,MAHSA UNIVERSITY (BARAT),2026-01,29,1,2
T815,MAHSA UNIVERSITY (TIMUR),2026-01,33,1,5
T815,PERPUSTAKAAN UM,2026-01,35,0,4
T815,PUSAT ASASI MAHALLAH AISYAH UIA,2026-01,9,0,23
T815,PUSAT ASASI SAINS (DARI STN),2026-01,36,0,2
T815,PUSAT SUKAN UM,2026-01,38,0,0
T815,SMK SULTAN ABD SAMAD (BARAT),2026-01,32,0,0
T815,SMK SULTAN ABD SAMAD (TIMUR),2026-01,38,0,0
T815,TIARA DAMANSARA (SELATAN),2026-01,37,1,0
T815,TIARA DAMANSARA (UTARA),2026-01,33,1,2
T815,UIA PJ (BARAT),2026-01,39,0,0
T815,UIA PJ (SELATAN),2026-01,38,0,0
T816,(M1) HAPPY MANSION APARTMENT,2026-01,14,0,0
T816,BOMBA SS2,2026-01,9,0,2
T816,DAMANSARA INTAN,2026-01,15,2,0
T816,HAPPY APARTMENT GATE A,2026-01,10,0,0
T816,HOTEL LISA DE INN,2026-01,13,0,0
T816,JEJANTAS SS2/24 (UTARA),2026-01,17,0,0
T816,KG SERI DAMANSARA,2026-01,13,5,1
T816,KOMERSIAL SS19/8,2026-01,17,0,0
T816,PADANG SRK SRI DAMAI,2026-01,14,0,0
T816,PASAR SEKSYEN 17,2026-01,15,0,0
T816,PERUMAHAN SEKSYEN 16,2026-01,19,0,0
T816,PUSAT PERNIAGAAN SS2 (SELATAN),2026-01,13,1,4
T816,SHELL 17/22,2026-01,14,0,0
T817,(M1) MID VALLEY SOUTH COURT,2026-01,20,0,3
T817,BANGSAR PARK (SELATAN),2026-01,26,0,0
T817,BANGSAR PARK (UTARA),2026-01,21,1,0
T817,BSC (SELATAN),2026-01,24,3,0
T817,BSC (UTARA),2026-01,25,0,0
T817,BUKIT BANDARAYA,2026-01,23,0,0
T817,DC MALL,2026-01,24,0,0
T817,JUNC JLN LIMAU BESAR,2026-01,27,0,0
T817,KOMERSIAL TELAWI (SELATAN),2026-01,19,0,5
T817,KOMERSIAL TELAWI (UTARA),2026-01,25,0,0
T817,KONDO BANGSAR INDAH,2026-01,26,0,0
T817,KONDO SRI PENAGA,2026-01,23,0,0
T817,MRT SEMANTAN PINTU A,2026-01,0,0,23
T817,PETRON,2026-01,23,0,0
T817,PREMISE NO 83,2026-01,23,2,0
T817,SMK BUKIT BANDARAYA,2026-01,27,0,0
T818,(M1) MRT SEMANTAN PINTU B,2026-01,19,2,2
T818,(M1) PUSAT SAINS NEGARA (TIMUR),2026-01,16,0,10
T818,DAMANLELA CARPARK,2026-01,20,2,0
T818,DC MALL,2026-01,20,0,3
T818,DESA SRI HARTAMAS (1),2026-01,16,1,0
T818,DESA SRI HARTAMAS (2),2026-01,17,1,0
T818,HP TOWER,2026-01,14,0,0
T818,MASJID SAIDINA UMAR (BARAT),2026-01,19,1,0
T818,MASJID SAIDINA UMAR (TIMUR),2026-01,24,0,0
T818,PLAZA CRYSTELVILLE,2026-01,23,0,0
T818,PLAZA DAMANSARA (BARAT),2026-01,19,0,0
T818,PLAZA DAMANSARA (TIMUR),2026-01,24,0,0
T818,PLAZA PRISMA VILLE,2026-01,25,0,0
T818,PUSAT SAINS NEGARA (BARAT),2026-01,16,0,0
T818,SMK SERI HARTAMAS,2026-01,3,0,10
T818,TEKNOLOGI PENDIDIKAN (BARAT),2026-01,17,0,0
T818,TEKNOLOGI PENDIDIKAN (TIMUR),2026-01,24,0,0
T821,(M1) MATRADE (BARAT),2026-01,11,0,0
T821,(M2) WISMA DAMANSARA (TIMUR),2026-01,10,1,0
T821,AMAN BERINGIN,2026-01,10,0,0
T821,ARTE MONT KIARA,2026-01,12,0,0
T821,BERINGIN RESIDENCE,2026-01,10,0,0
T821,HIGH COMMISSION OF INDIA (OLD),2026-01,3,0,3
T821,KOMPLEKS MAHKAMAH KUALA LUMPUR,2026-01,7,0,3
T821,LEMBAGA PEPERIKSAAN,2026-01,1,0,11
T821,MATRADE,2026-01,11,0,0
T821,MENARA MANULIFE,2026-01,13,0,0
T821,MENARA MITI,2026-01,9,0,0
T821,PUBLIKA,2026-01,11,0,0
T821,SK BUKIT DAMANSARA,2026-01,6,0,0
T821,SPG JLN TERUNTONG,2026-01,12,1,0
T821,SPG LORONG BASONG,2026-01,11,0,0
T821,SPG LORONG BRUAS,2026-01,12,0,0
T821,SPG PERS BRUAS,2026-01,11,0,0
T821,STADIUM HOKI TUN RAZAK,2026-01,5,0,1
T821,UOA DAMANSARA,2026-01,12,0,1
T821,WISMA DAMANSARA (BARAT),2026-01,0,0,5
T821,WISMA HASIL,2026-01,9,0,0
T852,(M1) PUSAT SAINS NEGARA (TIMUR),2026-01,5,0,9
T852,1 MONT KIARA,2026-01,19,0,0
T852,ARCORIS,2026-01,23,0,0
T852,DAMANLELA CARPARK,2026-01,26,7,0
T852,DC MALL,2026-01,28,0,6
T852,HP TOWER,2026-01,33,0,0
T852,KAMI RESIDENCES MONT KIARA,2026-01,30,0,0
T852,LUMINA KIARA CONDOMINIUM (OPP),2026-01,27,0,0
T852,MONT KIARA BANYAN,2026-01,25,0,0
T852,MONT KIARA INTERNATIONAL SCHOOL,2026-01,25,0,0
T852,MONT KIARA MERIDIN (OPP),2026-01,28,0,0
T852,PERUMAHAN,2026-01,36,1,3
T852,PLAZA DAMANSARA (BARAT),2026-01,33,0,1
T852,PLAZA DAMANSARA (TIMUR),2026-01,14,0,1
T852,PLAZA DAMAS,2026-01,37,0,0
T852,PUBLIKA,2026-01,35,0,0
T852,PUNCAK PRIMA CONDOMINIUM,2026-01,38,0,0
T852,PUSAT SAINS NEGARA (BARAT),2026-01,37,1,0
T852,SHOPLEX MONT KIARA,2026-01,21,0,0
T852,SMK SERI HARTAMAS,2026-01,11,1,28
T852,SOLARIS MONT KIARA,2026-01,27,0,0
T852,SPG JLN SETIABISTARI,2026-01,32,0,0
T852,SPG JLN SETIAJAYA,2026-01,14,0,1
T852,TEKNOLOGI PENDIDIKAN (BARAT),2026-01,36,1,0
T852,TEKNOLOGI PENDIDIKAN (TIMUR),2026-01,14,0,0
T852,WISMA KDN,2026-01,8,1,26
